id,Choice
1,0.67
2,0.3
3,0.95
4,0.715
5,0.69
6,0.8875
7,0.38
8,0.01
9,0.9425
10,0.07
11,0.65
12,0.03
13,0.5
14,0.66
15,0.085
16,0.21
17,0.0
18,0.61
19,0.165
20,0.5566666666666666
21,0.28
22,0.98
23,0.12
24,0.4
25,0.89
26,0.98
27,0.87
28,0.72
29,0.82
30,0.35450000000000004
31,0.75
32,0.03
33,0.3
34,0.25
35,0.17
36,0.38
37,0.52
38,0.5033333333333333
39,0.155
40,0.16333333333333336
41,0.31
42,0.94
43,0.8
44,0.03
45,0.88
46,0.44
47,0.465
48,0.95
49,0.75
50,0.43
51,0.93
52,0.86
53,0.99
54,0.59
55,0.16
56,0.6666666666666665
57,0.9
58,0.5308333333333334
59,0.96
60,0.01
61,0.89
62,0.452
63,0.88
64,0.46
65,0.355
66,0.99
67,0.56
68,0.72
69,0.445
70,0.435
71,0.05
72,0.7275
73,0.72
74,0.32
75,0.40333333333333327
76,0.13
77,0.4
78,0.31
79,0.76
80,1.0
81,0.56
82,1.0
83,0.7
84,0.28833333333333333
85,0.6133333333333334
86,0.65
87,0.46
88,0.7525
89,0.06
90,0.26
91,0.6325
92,0.9
93,0.25
94,0.08
95,0.8
96,0.7
97,0.07
98,0.405
99,0.24
100,0.62
101,0.38
102,0.01
103,0.1
104,0.54
105,0.54
106,0.42
107,0.85
108,0.46
109,0.7
110,0.14
111,0.57
112,0.66
113,0.05
114,0.62
115,0.01
116,0.56
117,0.29
118,0.03
119,0.05
120,0.18
121,0.05
122,0.03
123,0.99
124,0.235
125,0.2966666666666667
126,0.07
127,0.1625
128,0.91
129,0.5983333333333334
130,0.1
131,0.46
132,0.8
133,0.71
134,0.18
135,0.83
136,0.35
137,0.01
138,0.52
139,0.29
140,0.6725
141,0.18
142,0.05
143,0.5
144,0.04
145,0.57
146,1.0
147,0.49
148,0.96
149,0.47
150,0.15
151,0.83
152,0.84
153,0.03
154,0.05
155,0.48
156,0.865
157,0.26
158,0.02
159,0.39
160,0.7825
161,0.28
162,0.3283333333333333
163,0.11
164,0.475
165,0.54
166,0.55
167,0.15
168,0.01
169,0.64
170,0.89
171,0.5865
172,0.45
173,0.95
174,0.185
175,0.71
176,0.95
177,0.37
178,0.04
179,0.47
180,0.14
181,0.67
182,0.7
183,0.23
184,0.63
185,0.49
186,0.21
187,0.91
188,0.88
189,0.47
190,0.12
191,0.21
192,0.325
193,1.0
194,0.22
195,0.08
196,0.04166666666666666
197,0.84
198,0.04
199,0.05
200,0.525
201,0.25
202,0.07
203,0.82
204,0.61
205,0.16
206,0.91
207,0.76
208,0.13
209,1.0
210,0.93
211,0.01
212,0.28
213,0.1
214,0.1
215,0.02
216,0.76
217,0.32
218,0.06333333333333334
219,0.09
220,0.99
221,0.37
222,0.05
223,0.38
224,0.78
225,0.58
226,0.64
227,0.0
228,0.97
229,0.15
230,0.8
231,0.99
232,0.92
233,0.98
234,0.05
235,0.19
236,0.54
237,0.96
238,0.18
239,0.34
240,0.25
241,0.03
242,0.63
243,0.6683333333333333
244,0.19
245,0.99
246,0.195
247,0.97
248,0.01
249,0.035
250,0.47
251,0.04
252,0.01
253,0.33
254,0.64
255,0.91
256,0.91
257,0.78
258,0.84
259,0.43
260,0.14
261,0.94
262,0.0
263,0.24
264,0.06
265,0.23766666666666666
266,0.534
267,0.23
268,0.7
269,0.08
270,0.11
271,0.39
272,0.03
273,0.47
274,0.92
275,0.21
276,0.735
277,0.06
278,0.12
279,0.3
280,0.6366666666666666
281,0.755
282,0.23
283,0.22
284,0.12666666666666665
285,0.4325
286,0.26
287,0.325
288,0.08
289,0.41
290,0.94
291,0.05
292,0.035
293,0.1
294,0.96
295,0.04
296,0.68
297,0.13
298,0.14
299,0.01
300,0.065
301,0.97
302,0.6133333333333334
303,0.155
304,0.6175
305,0.0
306,0.6233333333333333
307,1.0
308,0.382
309,0.44333333333333336
310,0.99
311,0.602
312,0.77
313,0.665
314,0.68
315,0.17
316,0.07
317,0.0
318,0.71
319,0.66
320,0.545
321,0.27
322,0.48
323,0.97
324,0.17
325,0.08
326,0.99
327,0.7
328,0.35
329,0.02
330,0.56
331,0.77
332,0.88
333,0.14666666666666667
334,1.0
335,0.21333333333333332
336,0.16
337,0.275
338,0.31
339,0.37233333333333335
340,0.28
341,0.01
342,0.2053333333333333
343,0.23
344,0.99
345,0.72
346,0.91
347,0.09
348,0.57
349,0.4975
350,0.94
351,0.35
352,0.41833333333333333
353,0.5166666666666666
354,0.97
355,0.58
356,0.2
357,0.021
358,0.267
359,0.86
360,0.0
361,0.5566666666666666
362,0.14
363,0.35
364,0.77
365,0.135
366,0.93
367,0.9
368,0.31
369,0.19
370,0.01
371,0.53
372,0.83
373,0.72
374,0.465
375,0.17
376,0.06
377,0.31
378,0.2866666666666667
379,0.83
380,0.56
381,0.94
382,0.61
383,0.01
384,0.625
385,0.92
386,0.47
387,0.6383333333333333
388,0.7
389,0.5208333333333334
390,0.18
391,0.22
392,0.88
393,0.86
394,0.905
395,0.52
396,0.64
397,0.44
398,0.6116666666666667
399,0.61
400,0.99
401,0.08
402,0.45
403,0.7883333333333333
404,0.91
405,0.49
406,0.0
407,0.44
408,0.07
409,0.25
410,1.0
411,0.94
412,0.45
413,0.53
414,0.335
415,0.39
416,0.94
417,0.68
418,0.92
419,0.12
420,0.03
421,0.68
422,0.68
423,0.21
424,0.86
425,1.0
426,0.6713333333333332
427,0.66
428,0.73
429,0.182
430,0.24
431,1.0
432,0.92
433,0.1925
434,0.93
435,0.58
436,0.08
437,0.335
438,0.465
439,0.92
440,0.12
441,0.36
442,0.5053333333333334
443,0.82
444,0.41
445,0.324
446,0.06
447,0.92
448,0.43
449,0.66
450,0.5525
451,0.565
452,0.19
453,0.285
454,0.1
455,0.23
456,0.93
457,0.91
458,0.6920000000000001
459,0.9
460,0.65
461,0.36
462,0.03
463,0.71
464,0.7
465,1.0
466,0.97
467,0.83
468,0.34083333333333327
469,0.06
470,0.1
471,0.22
472,0.065
473,0.13
474,0.84
475,0.75
476,0.99
477,0.24
478,0.1
479,0.365
480,0.13
481,0.06
482,0.03
483,1.0
484,0.19
485,0.375
486,0.91
487,0.89
488,0.8
489,0.04
490,0.33
491,0.85
492,0.93
493,0.0
494,0.465
495,0.13
496,0.16
497,0.26
498,0.49
499,0.28
500,0.31
501,0.52
502,0.87
503,0.36
504,0.05
505,0.0
506,0.45
507,0.82
508,0.1
509,0.98
510,0.95
511,0.67
512,0.88
513,0.93
514,0.57
515,0.96
516,0.98
517,0.97
518,0.13
519,0.0
520,0.68
521,0.34
522,0.72
523,0.16
524,0.06
525,0.324
526,0.365
527,0.302
528,0.325
529,0.11
530,0.96
531,0.03
532,0.1525
533,0.65
534,0.13
535,1.0
536,0.06
537,0.344
538,0.7066666666666667
539,0.87
540,0.92
541,0.67
542,0.2
543,0.51
544,0.14
545,0.18
546,0.96
547,0.28
548,0.89
549,0.04
550,1.0
551,0.75
552,0.99
553,0.26
554,0.51
555,0.05
556,0.99
557,0.12
558,0.205
559,0.05833333333333334
560,0.61
561,0.05
562,0.69
563,0.2325
564,0.41
565,0.1
566,0.78
567,0.04
568,0.59
569,1.0
570,0.29666666666666663
571,0.08
572,0.69
573,0.04
574,0.79
575,0.01
576,0.84
577,1.0
578,0.305
579,1.0
580,0.07
581,0.0
582,0.08666666666666666
583,0.68
584,0.63
585,0.69
586,0.07
587,0.53
588,0.95
589,0.93
590,0.82
591,0.526
592,0.75
593,0.5675
594,0.41
595,0.27
596,0.61
597,0.25
598,0.185
599,0.87
600,0.51
601,0.17
602,0.3
603,0.465
604,0.12
605,1.0
606,0.69
607,0.5348333333333333
608,0.97
609,0.98
610,0.2
611,0.24
612,0.98
613,0.8533333333333333
614,0.81
615,0.56
616,0.44
617,0.96
618,0.98
619,0.3725
620,0.252
621,0.13
622,0.98
623,0.2
624,0.21
625,1.0
626,0.38
627,0.02
628,0.77
629,0.77
630,0.03
631,0.3966666666666667
632,0.03
633,0.95
634,0.81
635,0.3775
636,0.25666666666666665
637,0.9083333333333333
638,0.4
639,0.01
640,0.99
641,0.22516666666666665
642,0.38
643,0.8366666666666667
644,0.65
645,0.113
646,0.10666666666666666
647,0.52
648,0.7275
649,0.04
650,0.3325
651,0.07
652,0.48
653,0.5933333333333334
654,0.31
655,0.99
656,0.08
657,0.63
658,0.7
659,1.0
660,0.03
661,0.82
662,0.56
663,0.2
664,0.34
665,0.7066666666666666
666,1.0
667,0.6633333333333334
668,0.5033333333333333
669,0.46
670,0.01
671,0.2
672,1.0
673,0.72
674,0.48
675,0.435
676,0.97
677,0.45
678,0.97
679,0.75
680,0.01
681,0.39
682,0.71
683,0.56
684,0.3
685,0.11
686,0.92
687,0.43
688,0.8759999999999999
689,0.5906666666666667
690,0.31
691,0.0
692,0.97
693,0.13
694,0.1
695,0.5341666666666667
696,0.08
697,0.145
698,0.08
699,0.95
700,0.03
701,0.62
702,0.8
703,0.6366666666666666
704,0.49
705,0.25
706,0.78
707,0.83
708,0.89
709,0.09
710,0.03
711,0.62
712,0.96
713,0.6866666666666668
714,0.5075
715,0.8983333333333334
716,0.615
717,0.12
718,0.1
719,0.5866666666666667
720,0.556
721,0.3999999999999999
722,0.79
723,0.655
724,0.87
725,0.53
726,0.02
727,0.94
728,0.7825
729,0.61
730,0.44
731,0.57
732,0.4
733,0.20666666666666664
734,0.01
735,0.4
736,0.37
737,0.57
738,0.87
739,0.97
740,0.88
741,0.42
742,0.266
743,0.84
744,0.01
745,0.25833333333333336
746,0.08
747,0.765
748,0.96
749,0.18
750,0.37166666666666665
751,0.45
752,0.4383333333333333
753,1.0
754,0.55
755,0.6
756,0.065
757,0.49
758,0.6
759,0.38
760,0.08
761,0.3816666666666667
762,0.38
763,0.59
764,0.81
765,0.86
766,0.67
767,0.68
768,0.88
769,0.03
770,0.15
771,0.5333333333333333
772,0.92
773,0.98
774,0.425
775,0.81
776,0.41
777,0.685
778,0.02
779,0.92
780,0.91
781,0.07200000000000001
782,0.0
783,0.55
784,0.53
785,0.495
786,0.125
787,0.25
788,0.7933333333333333
789,0.6
790,0.2
791,0.304
792,0.16833333333333333
793,0.88
794,0.61
795,0.1
796,0.0
797,0.67
798,0.96
799,0.94
800,0.83
801,0.12
802,0.35
803,1.0
804,0.45
805,0.61
806,0.54
807,0.75
808,0.11
809,0.31
810,0.38
811,0.41666666666666663
812,0.13
813,0.4
814,0.14
815,0.05666666666666667
816,0.5830000000000001
817,0.04
818,0.07
819,0.94
820,0.69
821,0.61
822,0.56
823,0.02
824,0.99
825,0.6975
826,1.0
827,0.33333333333333326
828,0.07
829,0.7
830,0.12
831,0.92
832,0.18333333333333335
833,0.03
834,0.1
835,0.55
836,0.285
837,0.02
838,0.06
839,1.0
840,0.87
841,0.48
842,0.8
843,0.74
844,0.7
845,0.05
846,0.02
847,0.57
848,0.98
849,0.49
850,0.41
851,0.5
852,0.05
853,0.26
854,0.08
855,0.63
856,0.4216666666666667
857,0.18
858,0.095
859,0.35
860,0.2
861,0.1
862,0.685
863,0.35
864,1.0
865,0.43
866,1.0
867,0.19
868,0.02
869,0.09
870,0.62
871,0.15
872,1.0
873,0.275
874,0.06
875,0.94
876,0.01
877,0.07
878,0.81
879,0.01
880,0.52
881,0.29
882,0.08666666666666666
883,0.04
884,0.88
885,0.0
886,0.92
887,0.78
888,0.775
889,0.03
890,0.9
891,0.26666666666666666
892,0.7
893,0.31
894,0.91
895,0.05
896,0.5808333333333333
897,0.7333333333333334
898,0.99
899,0.89
900,0.95
901,0.54
902,0.38
903,0.24
904,0.285
905,0.595
906,0.284
907,0.4
908,0.66
909,0.6266666666666666
910,0.04
911,0.305
912,0.23
913,0.28
914,0.99
915,0.8366666666666667
916,0.86
917,0.79
918,0.66
919,0.38
920,0.26
921,0.08
922,0.91
923,0.82
924,0.56
925,1.0
926,0.65
927,0.42083333333333334
928,0.07
929,0.91
930,0.4466666666666667
931,0.79
932,0.89
933,0.47
934,0.38
935,0.2325
936,0.86
937,0.7025
938,0.86
939,0.04
940,0.9
941,0.97
942,0.15
943,0.79
944,0.97
945,0.3
946,0.55
947,0.7
948,0.8397619047619048
949,0.93
950,0.54
951,0.6
952,0.3625
953,0.61
954,0.4
955,0.86
956,0.09
957,0.24
958,0.91
959,0.15
960,0.58
961,0.0
962,0.29
963,0.0
964,0.82
965,0.24
966,0.22
967,0.13
968,0.52
969,0.56
970,0.03
971,0.5175
972,0.35
973,0.37
974,0.1
975,0.5893333333333334
976,0.88
977,0.6
978,0.9
979,0.04
980,0.16
981,0.28
982,0.48
983,0.91
984,0.61
985,0.0
986,1.0
987,0.44416666666666665
988,0.78
989,0.16
990,0.72
991,0.355
992,0.44
993,0.15
994,0.99
995,0.65
996,0.25
997,0.16
998,0.51
999,0.27
1000,0.54
1001,0.07
1002,1.0
1003,0.0
1004,0.7333333333333334
1005,0.07416666666666666
1006,0.49
1007,0.4866666666666667
1008,0.21666666666666665
1009,0.08
1010,0.114
1011,0.04
1012,0.54
1013,0.5933333333333333
1014,0.47
1015,0.55
1016,0.04
1017,0.87
1018,0.73
1019,0.11
1020,0.84
1021,0.49
1022,0.59
1023,0.3066666666666667
1024,0.8
1025,0.15
1026,0.7
1027,0.93
1028,0.98
1029,0.92
1030,0.39
1031,0.69
1032,0.52
1033,0.02
1034,0.3533333333333333
1035,0.03
1036,0.97
1037,0.12
1038,0.39
1039,0.41
1040,0.58
1041,0.63
1042,0.05
1043,0.4866666666666667
1044,0.405
1045,0.32
1046,0.43
1047,0.68
1048,0.8
1049,0.31
1050,0.284
1051,0.07
1052,0.77
1053,0.71
1054,0.63
1055,0.91
1056,0.61
1057,0.74
1058,0.04
1059,1.0
1060,0.03
1061,0.12333333333333334
1062,0.84
1063,0.04
1064,0.25583333333333336
1065,0.57
1066,0.19
1067,0.16
1068,0.44
1069,0.27
1070,0.35
1071,0.0425
1072,0.11
1073,0.86
1074,0.75
1075,0.5356666666666667
1076,0.38
1077,0.176
1078,0.86
1079,0.89
1080,1.0
1081,0.08
1082,0.85
1083,0.85
1084,1.0
1085,0.86
1086,0.525
1087,0.94
1088,0.634
1089,0.9
1090,0.02
1091,0.8033333333333332
1092,0.16
1093,0.22
1094,0.36
1095,0.74
1096,0.01
1097,0.5166666666666667
1098,0.0
1099,0.01
1100,0.02
1101,0.17
1102,0.56
1103,0.275
1104,0.0
1105,0.18
1106,0.83
1107,0.14833333333333334
1108,0.97
1109,0.98
1110,0.62
1111,0.99
1112,0.23
1113,1.0
1114,0.55
1115,0.7133333333333333
1116,0.2333333333333333
1117,0.99
1118,0.465
1119,0.8275
1120,0.74
1121,0.185
1122,0.45
1123,0.99
1124,0.34
1125,0.5373333333333333
1126,0.53
1127,0.37799999999999995
1128,0.57
1129,0.93
1130,0.6066666666666667
1131,0.59
1132,0.18
1133,0.99
1134,0.03
1135,0.6116666666666667
1136,0.9
1137,0.66
1138,0.43
1139,0.11
1140,0.8
1141,0.49
1142,0.565
1143,0.8125
1144,1.0
1145,0.01
1146,0.2025
1147,0.04
1148,0.55
1149,0.265
1150,0.3575
1151,0.8
1152,0.79
1153,0.13
1154,0.59
1155,0.36
1156,0.1525
1157,0.87
1158,0.7
1159,0.53
1160,0.17666666666666664
1161,0.92
1162,0.462
1163,0.78
1164,0.33
1165,0.005
1166,0.93
1167,0.93
1168,0.47
1169,0.53
1170,0.99
1171,0.8
1172,0.6748333333333334
1173,0.83
1174,0.89
1175,0.22
1176,0.81
1177,0.41
1178,1.0
1179,0.34
1180,0.46
1181,0.06
1182,0.86
1183,0.0
1184,0.27
1185,0.7066666666666666
1186,0.72
1187,0.81
1188,0.9
1189,0.06
1190,0.95
1191,0.6166666666666667
1192,0.37666666666666665
1193,0.02
1194,0.1
1195,0.38
1196,0.08
1197,0.7020000000000001
1198,0.34
1199,0.24666666666666667
1200,0.26
1201,0.66
1202,0.99
1203,0.01
1204,0.13
1205,0.0
1206,0.6
1207,0.33
1208,1.0
1209,0.355
1210,0.33
1211,0.8
1212,0.62
1213,0.5566666666666666
1214,0.74
1215,0.4108333333333334
1216,0.79
1217,0.34
1218,0.94
1219,0.09
1220,0.06
1221,0.21
1222,0.14
1223,0.25
1224,0.88
1225,0.52
1226,0.24
1227,0.42
1228,0.75
1229,0.41
1230,0.0
1231,0.7975
1232,0.335
1233,0.395
1234,0.21
1235,0.47
1236,0.43
1237,0.99
1238,0.87
1239,1.0
1240,0.745
1241,0.97
1242,0.99
1243,0.8
1244,0.35333333333333333
1245,0.525
1246,0.57
1247,0.49
1248,0.35
1249,0.04666666666666666
1250,0.5
1251,0.57
1252,0.51
1253,0.73
1254,0.05
1255,0.7
1256,0.06
1257,0.0
1258,0.02
1259,0.06
1260,0.705
1261,0.02
1262,0.87
1263,0.29
1264,0.82
1265,0.59
1266,0.88
1267,0.02
1268,0.59
1269,0.09
1270,0.06
1271,0.7
1272,0.13
1273,0.312
1274,0.4
1275,0.99
1276,0.89
1277,0.4933333333333333
1278,0.68
1279,0.12
1280,0.14333333333333334
1281,0.8
1282,0.92
1283,0.0
1284,0.71
1285,0.45
1286,0.13
1287,0.92
1288,0.0
1289,0.8
1290,0.69
1291,0.37
1292,0.97
1293,0.97
1294,0.2
1295,0.0
1296,0.06
1297,0.99
1298,0.58
1299,0.79
1300,0.11
1301,0.95
1302,0.99
1303,0.29
1304,0.7
1305,0.26
1306,0.20666666666666664
1307,0.53
1308,0.95
1309,0.225
1310,0.91
1311,0.4458333333333333
1312,0.93
1313,0.89
1314,0.47
1315,0.83
1316,0.09
1317,0.13
1318,0.14
1319,0.156
1320,0.16
1321,0.06
1322,0.43
1323,0.85
1324,0.75
1325,0.76
1326,0.05
1327,1.0
1328,0.61
1329,0.98
1330,0.59
1331,0.99
1332,0.04
1333,0.165
1334,0.09
1335,0.01
1336,0.87
1337,0.14
1338,1.0
1339,0.7
1340,0.4
1341,0.91
1342,0.61
1343,0.75
1344,0.99
1345,0.02
1346,0.32
1347,0.84
1348,0.6433333333333334
1349,0.2783333333333333
1350,0.015
1351,0.6066666666666667
1352,0.7166666666666666
1353,0.506
1354,0.56
1355,0.6966666666666665
1356,0.6920000000000001
1357,0.93
1358,0.1
1359,0.49
1360,0.42
1361,0.0
1362,0.4383333333333333
1363,0.02
1364,0.59
1365,0.09
1366,0.52
1367,0.2
1368,0.91
1369,0.85
1370,0.07
1371,0.88
1372,0.89
1373,0.29
1374,0.10333333333333333
1375,0.15
1376,0.13
1377,0.9
1378,0.05
1379,0.27
1380,0.62
1381,0.71
1382,0.53
1383,0.3
1384,0.99
1385,0.98
1386,0.41
1387,0.54
1388,0.3506666666666667
1389,0.06
1390,0.79
1391,0.99
1392,0.23666666666666664
1393,0.08
1394,0.82
1395,0.73
1396,0.12
1397,0.88
1398,0.6208333333333333
1399,0.02
1400,0.5375
1401,0.6866666666666665
1402,0.51
1403,0.3925
1404,0.56
1405,0.15
1406,0.09
1407,0.03
1408,0.75
1409,0.79
1410,0.32
1411,0.235
1412,0.92
1413,0.99
1414,1.0
1415,0.5
1416,0.01
1417,0.02
1418,0.6483333333333334
1419,0.56
1420,0.52
1421,0.5053333333333334
1422,0.95
1423,0.99
1424,0.39
1425,0.07
1426,0.41333333333333333
1427,0.14
1428,1.0
1429,0.34
1430,0.2482857142857143
1431,0.08
1432,0.15
1433,1.0
1434,0.44
1435,0.305
1436,0.08
1437,0.6
1438,0.38
1439,0.08
1440,0.43
1441,0.24
1442,0.47
1443,0.14
1444,0.86
1445,0.03
1446,0.18
1447,0.05
1448,0.5
1449,0.765
1450,0.35333333333333333
1451,1.0
1452,0.615
1453,0.14
1454,0.66
1455,0.89
1456,0.04333333333333333
1457,0.29
1458,0.25
1459,0.71
1460,0.86
1461,0.58
1462,0.485
1463,0.2366666666666667
1464,0.4933333333333333
1465,0.92
1466,0.19666666666666666
1467,0.57
1468,0.71
1469,0.026666666666666665
1470,0.28
1471,0.72
1472,0.83
1473,0.24
1474,0.27
1475,0.0
1476,0.4175
1477,0.98
1478,0.04
1479,0.25
1480,0.16
1481,0.275
1482,0.025
1483,0.85
1484,0.11
1485,0.7
1486,0.83
1487,0.0
1488,0.17666666666666664
1489,0.15
1490,0.3666666666666667
1491,0.35
1492,0.45666666666666667
1493,0.18
1494,0.08166666666666667
1495,0.84
1496,0.4358333333333333
1497,0.07
1498,0.85
1499,0.11
1500,0.57
1501,0.6
1502,0.82
1503,0.15
1504,0.02
1505,0.12
1506,0.19
1507,0.17
1508,0.01
1509,0.6133333333333333
1510,0.28
1511,0.85
1512,0.17
1513,0.07
1514,0.44
1515,0.045
1516,0.32
1517,0.61
1518,0.46
1519,0.53
1520,0.18
1521,0.69
1522,0.3566666666666667
1523,0.03
1524,0.2
1525,0.43
1526,0.125
1527,1.0
1528,0.34
1529,0.12
1530,0.415
1531,0.3
1532,0.65
1533,0.67
1534,0.62
1535,0.08
1536,0.32
1537,0.99
1538,0.485
1539,0.03
1540,0.5633333333333334
1541,0.35
1542,0.91
1543,0.91
1544,0.03
1545,0.04
1546,0.45
1547,0.62
1548,0.71
1549,0.44
1550,1.0
1551,0.14
1552,0.77
1553,0.0
1554,0.31
1555,0.74
1556,0.99
1557,0.84
1558,0.01
1559,0.48
1560,0.5033333333333333
1561,0.64
1562,1.0
1563,0.34
1564,0.52
1565,0.72
1566,0.92
1567,0.08
1568,0.05
1569,1.0
1570,0.3
1571,0.18333333333333335
1572,0.92
1573,0.32
1574,0.42
1575,0.15333333333333335
1576,0.45
1577,1.0
1578,0.79
1579,0.71
1580,0.55
1581,0.79
1582,0.29
1583,0.1
1584,1.0
1585,0.5416666666666667
1586,0.99
1587,0.1
1588,0.37
1589,0.36
1590,0.04
1591,0.54
1592,0.26566666666666666
1593,0.28
1594,0.31
1595,0.94
1596,0.4075
1597,0.2766666666666666
1598,0.28
1599,0.85
1600,0.49
1601,0.8
1602,0.06
1603,0.5539999999999999
1604,0.11
1605,0.82
1606,1.0
1607,0.365
1608,0.5
1609,1.0
1610,0.2608333333333333
1611,0.315
1612,0.11
1613,0.95
1614,0.19
1615,0.92
1616,0.5233333333333333
1617,0.09
1618,0.3
1619,0.03
1620,0.75
1621,0.12
1622,0.93
1623,0.73
1624,0.63
1625,0.5
1626,0.03
1627,0.67
1628,0.06
1629,0.82
1630,0.57
1631,0.05
1632,0.43833333333333335
1633,0.52
1634,0.44
1635,0.02
1636,0.75
1637,0.96
1638,0.15
1639,0.71
1640,0.44
1641,0.03
1642,0.09
1643,0.49
1644,0.375
1645,0.54
1646,0.02
1647,0.15
1648,0.01
1649,0.43
1650,0.7775
1651,0.84
1652,0.0
1653,0.53
1654,0.3483333333333333
1655,0.16
1656,0.1
1657,0.5498333333333334
1658,0.26
1659,0.92
1660,0.89
1661,0.18
1662,0.03
1663,0.99
1664,0.095
1665,0.04
1666,0.17
1667,0.7
1668,0.9
1669,0.86
1670,0.64
1671,0.25
1672,0.05
1673,0.58
1674,0.71
1675,0.3
1676,0.45
1677,0.6493333333333333
1678,0.3
1679,0.36
1680,0.94
1681,0.452
1682,0.105
1683,0.3275
1684,0.585
1685,0.792
1686,0.04
1687,0.24
1688,0.72
1689,0.359
1690,0.96
1691,0.03
1692,0.73
1693,0.18
1694,0.47
1695,0.2866666666666667
1696,0.23333333333333336
1697,0.98
1698,0.79
1699,0.21
1700,0.41
1701,0.2
1702,0.53
1703,0.29
1704,0.03
1705,0.63
1706,0.79
1707,0.88
1708,0.6
1709,0.4275
1710,0.86
1711,0.14
1712,0.855
1713,0.53
1714,0.16
1715,0.555
1716,0.01
1717,0.02
1718,0.65
1719,0.28
1720,0.02
1721,0.61
1722,1.0
1723,0.91
1724,0.98
1725,0.58
1726,0.175
1727,0.66
1728,0.4358333333333333
1729,0.22
1730,0.25
1731,0.99
1732,1.0
1733,0.92
1734,0.6433333333333334
1735,0.4875
1736,0.11
1737,0.33
1738,0.392
1739,0.53
1740,0.7239285714285714
1741,0.22
1742,0.21
1743,0.08
1744,0.61
1745,0.28
1746,0.11
1747,0.11
1748,0.385
1749,0.78
1750,0.7
1751,0.26
1752,0.525
1753,0.1
1754,0.42
1755,0.75
1756,0.07
1757,0.13
1758,0.71
1759,0.6573333333333333
1760,0.5366666666666666
1761,0.24
1762,0.28
1763,0.76
1764,0.99
1765,0.95
1766,0.06
1767,0.565
1768,0.04
1769,0.41
1770,0.99
1771,0.1
1772,0.63
1773,0.68
1774,0.52
1775,0.01
1776,0.6866666666666668
1777,0.42
1778,0.7666666666666666
1779,0.21
1780,1.0
1781,0.71
1782,0.6191666666666666
1783,0.0
1784,1.0
1785,1.0
1786,0.37
1787,0.42
1788,0.1
1789,0.29
1790,0.3366666666666667
1791,0.65
1792,0.61
1793,0.22833333333333336
1794,0.95
1795,0.04
1796,0.09
1797,0.09
1798,0.63
1799,0.98
1800,0.8
1801,0.6866666666666665
1802,0.05
1803,0.22
1804,0.0
1805,0.58
1806,0.33
1807,0.09
1808,0.05
1809,0.0
1810,0.61
1811,0.44
1812,0.02
1813,0.36
1814,0.14
1815,1.0
1816,0.98
1817,0.98
1818,0.1
1819,0.61
1820,0.065
1821,0.26
1822,0.59
1823,0.78
1824,0.3025
1825,0.18
1826,0.02
1827,0.08
1828,0.53
1829,0.6583333333333334
1830,0.2575
1831,1.0
1832,0.5975
1833,0.235
1834,0.72
1835,0.78
1836,0.04
1837,0.225
1838,0.79
1839,0.97
1840,0.05
1841,0.11
1842,1.0
1843,0.05
1844,0.78
1845,0.08
1846,1.0
1847,0.34
1848,0.7633333333333333
1849,0.97
1850,0.2833333333333334
1851,0.72
1852,0.29
1853,0.96
1854,0.62
1855,0.97
1856,0.61
1857,0.98
1858,0.5
1859,0.75
1860,0.14
1861,0.14
1862,0.5533333333333333
1863,0.28
1864,0.544
1865,0.01
1866,0.76
1867,0.51
1868,0.91
1869,0.04
1870,0.92
1871,0.1325
1872,0.84
1873,0.89
1874,0.37
1875,0.16
1876,0.83
1877,0.52
1878,0.92
1879,1.0
1880,0.5691666666666666
1881,0.41
1882,0.64
1883,0.4775
1884,0.71
1885,0.83
1886,0.07428571428571429
1887,0.42
1888,0.5
1889,0.99
1890,0.18666666666666665
1891,0.35700000000000004
1892,0.42833333333333334
1893,0.86
1894,0.505
1895,0.17
1896,0.88
1897,0.7275
1898,0.0
1899,0.35
1900,0.44
1901,0.38
1902,0.6533333333333334
1903,0.7516666666666666
1904,0.91
1905,0.91
1906,0.48
1907,0.06
1908,0.72
1909,0.14
1910,0.99
1911,0.9000000000000001
1912,0.52
1913,0.76
1914,0.46
1915,0.35
1916,0.72
1917,0.53
1918,0.475
1919,1.0
1920,0.91
1921,0.29
1922,0.716
1923,0.94
1924,0.6966666666666665
1925,0.94
1926,0.96
1927,0.81
1928,0.33
1929,0.04
1930,0.01
1931,0.395
1932,0.13
1933,0.06
1934,0.65
1935,0.43
1936,0.02
1937,0.05
1938,0.35166666666666674
1939,0.49
1940,0.2575
1941,0.035
1942,0.97
1943,0.16
1944,0.96
1945,0.35
1946,0.26
1947,0.14
1948,0.81
1949,0.99
1950,0.53
1951,0.455
1952,0.56
1953,0.98
1954,0.165
1955,0.48
1956,0.46
1957,0.31
1958,0.58
1959,0.39333333333333337
1960,0.27
1961,1.0
1962,0.2975
1963,0.05
1964,0.319
1965,1.0
1966,0.7
1967,0.14
1968,0.51
1969,0.59
1970,0.2816666666666667
1971,0.5925
1972,0.14
1973,0.77
1974,0.43
1975,0.79
1976,0.86
1977,0.1
1978,0.61
1979,0.06
1980,0.01
1981,0.59
1982,0.86
1983,0.89
1984,0.16
1985,0.05
1986,0.87
1987,0.0
1988,0.07
1989,0.672
1990,0.12
1991,0.56
1992,0.49
1993,0.88
1994,0.7
1995,0.12
1996,0.58
1997,0.35
1998,0.0
1999,0.99
2000,0.77
2001,0.99
2002,0.58
2003,0.15
2004,0.8425
2005,0.25
2006,0.58
2007,0.6024999999999999
2008,0.7266666666666667
2009,0.43
2010,0.07
2011,0.13
2012,0.93
2013,0.49666666666666665
2014,0.02
2015,0.06
2016,1.0
2017,0.12916666666666665
2018,0.03
2019,0.55
2020,0.95
2021,0.26
2022,0.02
2023,0.67
2024,0.8
2025,0.97
2026,0.16
2027,0.365
2028,0.53
2029,0.5892857142857143
2030,0.0
2031,0.94
2032,0.01
2033,0.1
2034,0.57
2035,0.06
2036,1.0
2037,0.7283333333333334
2038,0.56
2039,0.66
2040,0.5366666666666667
2041,0.5
2042,0.09
2043,0.35
2044,0.6033333333333333
2045,0.6453333333333333
2046,0.34
2047,0.0
2048,0.03
2049,0.03
2050,0.77
2051,0.28
2052,0.17
2053,1.0
2054,0.41
2055,0.12
2056,0.12
2057,0.9
2058,0.605
2059,0.63
2060,0.27
2061,0.96
2062,0.375
2063,0.37200000000000005
2064,0.06
2065,0.14
2066,0.18333333333333335
2067,0.05
2068,0.53
2069,0.36
2070,0.54
2071,0.93
2072,0.86
2073,0.235
2074,0.07
2075,0.94
2076,0.6133333333333333
2077,0.24
2078,0.97
2079,0.16
2080,0.0
2081,0.09
2082,0.635
2083,0.01
2084,0.78
2085,0.94
2086,0.74
2087,0.05
2088,0.435
2089,0.61
2090,0.57
2091,0.5483333333333333
2092,0.83
2093,0.87
2094,0.39
2095,0.68
2096,0.55
2097,0.16
2098,0.02
2099,0.58
2100,0.22166666666666668
2101,0.81
2102,0.17
2103,0.53
2104,0.33
2105,0.314
2106,0.2
2107,0.42
2108,0.57
2109,0.27
2110,0.83
2111,0.49
2112,0.8
2113,0.6466666666666666
2114,0.64
2115,0.55
2116,0.63
2117,0.8266666666666665
2118,0.75
2119,0.16
2120,0.98
2121,0.83
2122,0.28
2123,0.88
2124,0.33
2125,0.5383333333333333
2126,0.93
2127,0.61
2128,0.01
2129,0.04
2130,0.91
2131,0.97
2132,1.0
2133,0.71
2134,0.37
2135,0.05
2136,0.93
2137,1.0
2138,0.475
2139,0.36666666666666664
2140,0.59
2141,0.04
2142,0.75
2143,0.79
2144,0.97
2145,0.1825
2146,0.7
2147,0.22666666666666668
2148,0.14333333333333334
2149,0.91
2150,0.27
2151,0.34
2152,0.875
2153,0.67
2154,0.52
2155,0.2
2156,0.9
2157,0.97
2158,0.6
2159,0.11428571428571428
2160,0.92
2161,0.07666666666666667
2162,0.89
2163,0.8716666666666666
2164,0.38
2165,0.5765
2166,0.05333333333333333
2167,0.08666666666666668
2168,0.6
2169,0.58
2170,0.11
2171,0.88
2172,0.87
2173,0.63
2174,0.41
2175,0.105
2176,0.99
2177,0.8166666666666665
2178,0.5433333333333333
2179,0.22
2180,0.365
2181,0.635
2182,0.84
2183,0.89
2184,0.49
2185,0.93
2186,0.29
2187,0.83
2188,0.97
2189,0.4425
2190,0.97
2191,0.7116666666666667
2192,0.56
2193,0.09
2194,0.04
2195,0.86
2196,0.92
2197,0.215
2198,0.64
2199,0.99
2200,0.06
2201,0.17
2202,0.35
2203,0.5466666666666666
2204,0.01
2205,0.8240000000000001
2206,0.74
2207,0.09
2208,0.41
2209,0.52
2210,0.38
2211,0.78
2212,0.38683333333333336
2213,0.48
2214,0.52
2215,0.2
2216,0.56
2217,0.03
2218,0.78
2219,0.09
2220,0.0
2221,0.67
2222,0.1
2223,0.515
2224,0.21
2225,0.98
2226,0.51
2227,1.0
2228,1.0
2229,0.63
2230,0.29
2231,0.13
2232,0.54
2233,0.2
2234,0.4866666666666667
2235,0.31
2236,0.3633333333333333
2237,0.17
2238,0.78
2239,0.23
2240,0.155
2241,0.02
2242,0.555
2243,0.04
2244,0.59
2245,0.84
2246,0.2733333333333333
2247,0.01
2248,0.3116666666666667
2249,0.715
2250,0.02
2251,0.17
2252,0.72
2253,0.8225
2254,0.655
2255,0.12333333333333332
2256,0.445
2257,0.97
2258,0.08
2259,0.6
2260,0.16
2261,0.88
2262,0.46
2263,0.16333333333333333
2264,0.09
2265,0.99
2266,0.52
2267,1.0
2268,0.25
2269,0.03
2270,0.75
2271,0.98
2272,0.61
2273,0.09
2274,0.06
2275,0.01
2276,0.5133333333333333
2277,1.0
2278,0.72
2279,0.534
2280,0.05
2281,0.87
2282,0.27
2283,0.16
2284,0.76
2285,0.08
2286,0.62
2287,0.67
2288,0.485
2289,0.92
2290,0.76
2291,0.6133333333333333
2292,0.1
2293,0.62
2294,0.88
2295,0.425
2296,0.52
2297,0.53
2298,0.495
2299,0.43833333333333335
2300,0.41
2301,0.42200000000000004
2302,0.0
2303,0.03666666666666667
2304,0.7
2305,0.18
2306,0.9
2307,0.1275
2308,0.5266666666666667
2309,0.64
2310,0.65
2311,0.98
2312,0.98
2313,0.485
2314,0.51
2315,0.54
2316,0.11
2317,0.46
2318,0.33
2319,0.83
2320,0.91
2321,0.09
2322,0.48
2323,0.47
2324,0.1433333333333333
2325,0.28
2326,0.36833333333333335
2327,0.42833333333333334
2328,0.43
2329,0.595
2330,0.23
2331,0.635
2332,0.92
2333,0.87
2334,0.08
2335,0.05
2336,0.17
2337,0.03
2338,0.06
2339,0.81
2340,0.68
2341,0.26
2342,0.49
2343,0.2675
2344,0.04
2345,0.565
2346,0.77
2347,0.94
2348,0.78
2349,0.22
2350,0.09
2351,0.82
2352,0.5063333333333334
2353,0.98
2354,0.37
2355,0.06
2356,0.0
2357,0.22
2358,0.03
2359,0.52
2360,0.24599999999999997
2361,0.1
2362,0.04
2363,0.18
2364,0.44
2365,0.67
2366,0.92
2367,0.63
2368,0.18
2369,0.07
2370,0.65
2371,0.045
2372,0.43
2373,0.7966666666666665
2374,0.68
2375,0.14
2376,0.39
2377,0.318
2378,0.77
2379,0.05
2380,0.78
2381,0.1
2382,0.6
2383,0.95
2384,0.75
2385,0.97
2386,0.145
2387,0.185
2388,0.3516666666666666
2389,0.62
2390,0.82
2391,0.68
2392,0.95
2393,0.17
2394,0.07
2395,0.7633333333333333
2396,0.75
2397,0.62
2398,0.99
2399,1.0
2400,0.15
2401,0.46
2402,0.7
2403,0.95
2404,0.03
2405,0.76
2406,0.615
2407,0.2
2408,0.97
2409,0.78
2410,0.94
2411,0.59
2412,0.98
2413,0.49333333333333335
2414,0.425
2415,0.115
2416,0.7333333333333334
2417,0.29
2418,0.23
2419,0.95
2420,0.59
2421,0.61
2422,0.36833333333333335
2423,0.82
2424,0.52
2425,0.56
2426,0.5466666666666666
2427,0.05
2428,0.06
2429,0.44
2430,0.58
2431,0.19
2432,0.71
2433,0.89
2434,0.04
2435,0.15
2436,0.21
2437,0.375
2438,0.94
2439,0.42
2440,0.79
2441,0.22
2442,0.09
2443,0.705
2444,0.0
2445,0.13
2446,0.99
2447,0.78
2448,0.11
2449,0.4
2450,0.605
2451,0.99
2452,0.85
2453,0.35
2454,0.02
2455,0.81
2456,0.22
2457,0.38
2458,0.8
2459,0.02
2460,0.01
2461,0.11
2462,0.56
2463,0.02
2464,0.8
2465,0.37233333333333335
2466,0.465
2467,0.87
2468,0.08
2469,0.56
2470,0.76
2471,0.26
2472,0.5
2473,0.1
2474,0.22
2475,0.6333333333333333
2476,0.0
2477,0.05
2478,0.26
2479,1.0
2480,0.02
2481,0.49
2482,0.86
2483,0.27
2484,0.21
2485,0.11
2486,0.7566666666666666
2487,0.09
2488,0.88
2489,0.5833333333333333
2490,0.08
2491,0.21
2492,0.22
2493,0.315
2494,0.12083333333333333
2495,1.0
2496,0.5233333333333333
2497,0.99
2498,0.57
2499,0.3533333333333333
2500,0.65
2501,0.8333333333333335
2502,0.29
2503,1.0
2504,0.15
2505,0.88
2506,0.59
2507,0.96
2508,0.36
2509,0.13
2510,0.43
2511,0.98
2512,0.22399999999999998
2513,0.3406666666666666
2514,0.97
2515,0.28
2516,0.97
2517,0.53
2518,0.68
2519,0.97
2520,0.20666666666666664
2521,0.026666666666666665
2522,0.66
2523,0.43
2524,0.92
2525,0.08
2526,0.85
2527,1.0
2528,0.06
2529,0.74
2530,0.66
2531,0.46
2532,0.38
2533,0.68
2534,0.06
2535,0.35
2536,0.6
2537,0.09
2538,0.24600000000000002
2539,0.38
2540,0.46333333333333326
2541,0.37
2542,0.72
2543,0.18
2544,0.49
2545,0.98
2546,0.99
2547,0.444
2548,0.3833333333333333
2549,0.02
2550,0.23
2551,0.64
2552,0.03
2553,0.45
2554,0.01
2555,0.44
2556,0.23
2557,0.64
2558,0.364
2559,0.88
2560,0.3758333333333333
2561,0.94
2562,0.89
2563,0.88
2564,0.86
2565,0.3
2566,0.44
2567,0.59
2568,0.97
2569,0.51
2570,0.12
2571,0.3
2572,0.05
2573,0.7366666666666666
2574,0.57
2575,0.725
2576,0.82
2577,0.25
2578,0.7333333333333333
2579,0.04
2580,0.462
2581,0.41600000000000004
2582,0.87
2583,0.589
2584,0.1366666666666667
2585,0.4
2586,0.44333333333333336
2587,0.5375
2588,0.0
2589,0.7
2590,0.3
2591,0.23
2592,0.01
2593,0.78
2594,0.5216666666666666
2595,0.385
2596,0.235
2597,0.705
2598,0.91
2599,0.94
2600,0.1
2601,0.04
2602,0.88
2603,0.6256666666666666
2604,0.01
2605,0.45
2606,0.81
2607,0.89
2608,0.99
2609,0.31
2610,0.5575
2611,0.2
2612,0.06
2613,0.66
2614,0.03
2615,0.74
2616,0.72
2617,0.89
2618,0.42
2619,0.28
2620,0.49714285714285716
2621,0.98
2622,0.05
2623,0.445
2624,0.97
2625,0.87
2626,0.5166666666666666
2627,0.23
2628,0.94
2629,0.42
2630,0.38
2631,0.07
2632,0.62
2633,0.56
2634,0.72
2635,0.315
2636,0.04
2637,0.94
2638,0.45
2639,1.0
2640,0.21
2641,0.35
2642,0.98
2643,0.97
2644,0.29
2645,0.45
2646,0.16
2647,0.19
2648,0.645
2649,0.42
2650,0.6366666666666666
2651,0.0
2652,0.3025
2653,0.12
2654,0.57
2655,0.36
2656,0.13
2657,0.08033333333333333
2658,0.3483333333333334
2659,0.55
2660,0.43
2661,0.09
2662,0.19
2663,0.96
2664,0.46
2665,0.3433333333333334
2666,0.75
2667,0.705
2668,0.34
2669,0.9
2670,0.89
2671,0.03
2672,0.84
2673,0.8125
2674,0.34
2675,0.57
2676,0.6386666666666667
2677,0.47
2678,0.93
2679,0.565
2680,0.8
2681,0.38
2682,0.96
2683,0.3433333333333334
2684,0.395
2685,0.6466666666666666
2686,0.68
2687,0.72
2688,0.08
2689,0.95
2690,0.66
2691,0.1
2692,0.0
2693,0.59
2694,1.0
2695,0.72
2696,0.5
2697,0.8
2698,0.2
2699,0.06
2700,0.32166666666666666
2701,0.36
2702,0.9
2703,0.24333333333333335
2704,0.07
2705,0.44
2706,0.52
2707,0.47
2708,0.12
2709,0.96
2710,0.27
2711,0.82
2712,0.35
2713,0.18
2714,0.5
2715,0.6166666666666667
2716,0.98
2717,0.8175
2718,0.17
2719,0.62
2720,0.91
2721,0.37
2722,0.3
2723,0.79
2724,0.92
2725,0.835
2726,0.06
2727,0.085
2728,0.0
2729,1.0
2730,0.34333333333333327
2731,0.66
2732,0.05
2733,0.42
2734,0.91
2735,0.33
2736,0.65
2737,0.11
2738,0.6
2739,0.82
2740,0.215
2741,0.11
2742,0.05
2743,0.53
2744,0.14
2745,0.29
2746,0.71
2747,0.15
2748,0.0
2749,0.95
2750,0.51
2751,0.18833333333333332
2752,0.77
2753,0.745
2754,0.7616666666666666
2755,0.79
2756,0.07
2757,0.15
2758,0.78
2759,0.03
2760,0.695
2761,1.0
2762,0.565
2763,0.02
2764,0.48
2765,0.87
2766,0.3075
2767,0.21
2768,0.07
2769,0.1
2770,0.71
2771,0.36
2772,0.82
2773,0.23
2774,0.77
2775,0.04
2776,0.85
2777,0.21
2778,0.7
2779,1.0
2780,0.05
2781,0.45
2782,0.84
2783,0.3325
2784,0.92
2785,0.3066666666666667
2786,0.705
2787,0.95
2788,0.29
2789,0.18
2790,0.11333333333333333
2791,0.95
2792,0.93
2793,0.47
2794,0.61
2795,0.24
2796,0.46
2797,0.6875
2798,0.64
2799,0.11
2800,0.59
2801,0.38
2802,0.74
2803,0.99
2804,0.3048333333333333
2805,0.08333333333333334
2806,0.32
2807,0.51
2808,0.99
2809,0.2475
2810,0.19333333333333336
2811,0.95
2812,0.37
2813,0.07
2814,0.06
2815,0.45
2816,0.19166666666666665
2817,0.43
2818,0.04
2819,0.31333333333333335
2820,0.76
2821,0.63
2822,0.96
2823,0.03
2824,0.37
2825,0.18
2826,0.48
2827,0.66
2828,0.78
2829,0.97
2830,0.205
2831,0.69
2832,0.0
2833,0.77
2834,0.6446666666666667
2835,0.6033333333333333
2836,0.25
2837,0.08
2838,0.98
2839,0.8725
2840,0.45
2841,0.5
2842,0.86
2843,0.355
2844,0.99
2845,0.52
2846,0.4025
2847,0.2
2848,0.96
2849,0.07
2850,0.19
2851,0.06333333333333332
2852,0.13
2853,0.73
2854,0.04
2855,0.55
2856,0.0
2857,0.54
2858,0.04
2859,1.0
2860,0.40700000000000003
2861,0.34
2862,0.72
2863,0.5366666666666666
2864,0.56
2865,0.33
2866,0.0
2867,0.1
2868,0.24666666666666665
2869,0.86
2870,0.74
2871,0.16
2872,0.65
2873,0.66
2874,0.22
2875,0.5933333333333334
2876,0.73
2877,0.72
2878,0.175
2879,0.02
2880,0.21
2881,0.455
2882,0.64
2883,0.88
2884,0.73
2885,0.91
2886,0.4
2887,0.8191666666666667
2888,0.99
2889,0.58
2890,0.06
2891,0.44
2892,0.5
2893,0.39
2894,0.619
2895,0.71
2896,0.99
2897,0.1758333333333333
2898,0.19
2899,0.62
2900,0.2
2901,1.0
2902,0.97
2903,0.395
2904,0.26
2905,0.82
2906,0.136
2907,0.16
2908,0.14
2909,0.0
2910,0.28
2911,0.7
2912,0.43
2913,0.93
2914,0.07
2915,0.6658333333333333
2916,0.7
2917,0.17
2918,0.44
2919,0.19
2920,0.43
2921,0.57
2922,0.32
2923,0.34
2924,0.37
2925,0.22833333333333333
2926,0.67
2927,0.74
2928,0.05
2929,0.86
2930,0.9033333333333334
2931,0.37
2932,0.57
2933,0.07
2934,0.49666666666666665
2935,0.17
2936,0.64
2937,0.752
2938,0.88
2939,0.65
2940,0.14666666666666667
2941,0.34900000000000003
2942,0.93
2943,0.61
2944,0.93
2945,0.08
2946,1.0
2947,0.5
2948,0.44916666666666666
2949,0.14
2950,0.5416666666666667
2951,0.125
2952,0.09
2953,0.86
2954,0.365
2955,0.61
2956,0.2
2957,0.37
2958,0.67
2959,0.41666666666666663
2960,0.42
2961,0.86
2962,0.57
2963,0.42
2964,0.05
2965,0.28
2966,0.57
2967,0.9
2968,0.8
2969,0.7
2970,0.26
2971,0.74
2972,0.18
2973,0.7266666666666667
2974,0.47
2975,0.94
2976,0.49
2977,0.21
2978,0.145
2979,0.22
2980,0.91
2981,0.24
2982,0.99
2983,0.98
2984,0.145
2985,0.2675
2986,0.67
2987,0.56
2988,0.98
2989,0.605
2990,0.31
2991,0.6166666666666667
2992,0.99
2993,0.7333333333333334
2994,0.6425
2995,0.69
2996,0.65
2997,0.2125
2998,0.67
2999,0.62
3000,0.5733333333333333
3001,0.5733333333333333
3002,0.745
3003,0.44
3004,0.88
3005,0.19
3006,0.48
3007,0.98
3008,0.03
3009,0.1325
3010,0.34
3011,0.265
3012,0.05
3013,0.65
3014,0.07
3015,0.91
3016,0.84
3017,0.64
3018,0.16
3019,0.57
3020,0.19
3021,0.19
3022,0.3766666666666667
3023,0.02
3024,0.27
3025,0.9366666666666665
3026,0.24
3027,0.275
3028,0.03
3029,0.06
3030,0.63
3031,0.1
3032,0.0
3033,0.09
3034,0.95
3035,0.06
3036,0.4
3037,0.5366666666666667
3038,0.82
3039,0.441
3040,0.07
3041,0.7
3042,0.51
3043,0.63
3044,0.8183333333333335
3045,0.48
3046,0.02
3047,0.45333333333333337
3048,0.02
3049,0.08
3050,0.7
3051,1.0
3052,0.04
3053,0.27
3054,0.015
3055,0.62
3056,0.74
3057,0.48
3058,0.57
3059,0.04
3060,0.305
3061,0.14
3062,0.75
3063,0.82
3064,0.62
3065,0.2218333333333333
3066,0.03
3067,0.26
3068,0.18
3069,0.93
3070,0.81
3071,0.81
3072,0.05
3073,0.71
3074,0.6
3075,0.97
3076,0.01
3077,0.74
3078,0.01
3079,0.03
3080,0.04
3081,0.36
3082,0.1758333333333333
3083,0.75
3084,0.5741666666666666
3085,0.21
3086,0.74
3087,0.0
3088,0.94
3089,0.805
3090,0.27
3091,0.99
3092,0.0
3093,0.58
3094,0.4683333333333334
3095,0.79
3096,0.79
3097,0.53
3098,0.05
3099,0.49950000000000006
3100,0.6
3101,0.13
3102,0.89
3103,0.5366666666666667
3104,0.74
3105,0.0
3106,0.97
3107,1.0
3108,0.87
3109,0.87
3110,0.42
3111,0.02
3112,0.358
3113,0.545
3114,0.21
3115,0.615
3116,0.4
3117,0.67
3118,0.71
3119,0.03
3120,0.11
3121,0.71
3122,0.61
3123,0.32
3124,0.49
3125,0.96
3126,0.6116666666666667
3127,0.196
3128,0.4033333333333334
3129,0.1
3130,0.22666666666666668
3131,0.5633333333333332
3132,0.24
3133,0.07
3134,0.12
3135,0.05
3136,0.22666666666666668
3137,0.26
3138,0.2
3139,0.88
3140,0.95
3141,0.2
3142,0.71
3143,0.07
3144,0.281
3145,0.9
3146,0.78
3147,0.0
3148,0.7
3149,0.53
3150,0.13
3151,0.85
3152,0.0
3153,0.43
3154,0.34450000000000003
3155,0.88
3156,0.75
3157,0.03
3158,0.63
3159,1.0
3160,0.34
3161,0.5225
3162,0.06
3163,0.75
3164,0.3216666666666667
3165,0.24683333333333335
3166,0.64
3167,0.30016666666666664
3168,0.5075
3169,0.89
3170,0.36833333333333335
3171,0.04
3172,0.49
3173,0.99
3174,0.13
3175,0.55
3176,0.99
3177,0.18
3178,0.5516666666666667
3179,0.08
3180,0.6433333333333333
3181,0.53
3182,0.13
3183,0.91
3184,0.5033333333333333
3185,0.95
3186,0.89
3187,0.16666666666666669
3188,0.4425
3189,0.6966666666666665
3190,0.06
3191,1.0
3192,0.4011666666666666
3193,0.06
3194,0.88
3195,0.52
3196,0.24
3197,0.39
3198,0.88
3199,0.68
3200,0.97
3201,0.04
3202,0.12333333333333334
3203,1.0
3204,0.7566666666666667
3205,0.69
3206,0.5966666666666667
3207,0.07
3208,0.24
3209,0.03
3210,0.27
3211,0.5843333333333334
3212,0.39233333333333337
3213,0.31
3214,0.2733333333333334
3215,0.8533333333333334
3216,0.44
3217,0.79
3218,0.59
3219,0.99
3220,0.26
3221,0.92
3222,0.1
3223,0.47
3224,0.49983333333333335
3225,0.855
3226,0.66
3227,0.4
3228,0.7433333333333333
3229,0.3075
3230,0.4066666666666666
3231,0.86
3232,0.8240000000000001
3233,0.71
3234,0.78
3235,0.15
3236,0.98
3237,0.565
3238,0.73
3239,0.99
3240,0.84
3241,0.57
3242,0.295
3243,0.37
3244,0.3225
3245,0.235
3246,0.7
3247,0.11
3248,0.13
3249,0.295
3250,0.02
3251,0.09
3252,1.0
3253,0.54
3254,0.0
3255,0.56
3256,0.06
3257,0.99
3258,0.48
3259,0.67
3260,0.35
3261,0.44
3262,0.42033333333333334
3263,0.46666666666666673
3264,0.77
3265,0.595
3266,1.0
3267,0.3666666666666667
3268,0.05
3269,0.17416666666666664
3270,0.95
3271,0.75
3272,0.73
3273,0.61
3274,0.5716666666666668
3275,0.18
3276,0.96
3277,0.3
3278,0.24
3279,0.55
3280,0.1
3281,0.06
3282,0.1
3283,0.14
3284,0.38
3285,0.05
3286,0.7275
3287,0.9
3288,0.6
3289,0.395
3290,0.674
3291,0.02
3292,0.65
3293,0.1
3294,0.44
3295,0.24
3296,0.65
3297,0.03
3298,0.385
3299,0.91
3300,0.73
3301,0.69
3302,0.72
3303,0.63
3304,0.96
3305,0.99
3306,0.97
3307,0.92
3308,0.4575
3309,0.27
3310,0.6616666666666667
3311,0.92
3312,0.27499999999999997
3313,0.07
3314,0.6058333333333333
3315,0.25666666666666665
3316,0.1
3317,0.76
3318,0.01
3319,0.455
3320,0.59
3321,0.8333333333333335
3322,0.58
3323,0.57
3324,0.7675
3325,0.11
3326,0.04
3327,0.6966666666666665
3328,0.52
3329,0.95
3330,0.65
3331,0.38833333333333336
3332,0.86
3333,0.37
3334,0.2683333333333333
3335,0.84
3336,0.08
3337,1.0
3338,0.82
3339,0.11
3340,0.56
3341,0.93
3342,0.4
3343,0.78
3344,0.16
3345,0.6
3346,0.755
3347,0.95
3348,0.64
3349,0.25
3350,0.16
3351,0.5966666666666667
3352,0.20666666666666667
3353,0.13
3354,0.7
3355,0.9
3356,0.04
3357,0.07
3358,0.55
3359,0.32
3360,0.18
3361,0.99
3362,0.29
3363,0.05
3364,0.88
3365,0.67
3366,0.54
3367,0.49
3368,0.7
3369,0.5
3370,0.44
3371,0.03
3372,0.6836666666666668
3373,0.0
3374,0.99
3375,0.05
3376,0.73
3377,0.5475
3378,0.49
3379,0.14
3380,0.8933333333333333
3381,0.15
3382,1.0
3383,0.87
3384,0.15
3385,0.23
3386,0.93
3387,0.2603333333333333
3388,0.35333333333333333
3389,0.57
3390,0.6
3391,0.46
3392,0.6
3393,0.01
3394,0.29
3395,0.61
3396,0.01
3397,0.7395
3398,0.91
3399,0.27449999999999997
3400,0.36
3401,0.33
3402,0.65
3403,0.99
3404,0.3533333333333333
3405,0.06
3406,0.89
3407,0.5016666666666667
3408,0.32
3409,0.2758333333333333
3410,0.18
3411,0.01
3412,0.44916666666666666
3413,0.24
3414,0.04
3415,0.31
3416,0.16
3417,0.425
3418,0.3899999999999999
3419,0.37
3420,0.64
3421,0.26999999999999996
3422,0.44
3423,0.57
3424,0.02
3425,0.93
3426,0.56
3427,0.5
3428,0.01
3429,0.35
3430,0.79
3431,0.013333333333333332
3432,0.13
3433,0.215
3434,0.86
3435,0.57
3436,0.95
3437,0.35
3438,0.94
3439,0.08
3440,0.6933333333333332
3441,0.03
3442,1.0
3443,0.95
3444,0.91
3445,0.1
3446,0.4
3447,0.529
3448,0.9
3449,0.72
3450,0.6266666666666667
3451,0.22
3452,0.14
3453,0.93
3454,0.85
3455,0.97
3456,0.7533333333333334
3457,0.23
3458,0.0
3459,0.07
3460,0.52
3461,0.01
3462,0.365
3463,1.0
3464,0.405
3465,0.91
3466,0.17
3467,0.23
3468,0.96
3469,0.5583333333333333
3470,0.97
3471,0.94
3472,0.12
3473,0.61
3474,0.51
3475,0.25
3476,0.14
3477,0.5083333333333333
3478,0.92
3479,0.46
3480,1.0
3481,0.71
3482,1.0
3483,0.07
3484,0.249
3485,0.97
3486,0.15
3487,0.9
3488,0.32
3489,1.0
3490,0.38
3491,0.3935
3492,0.03
3493,0.3035714285714286
3494,0.35
3495,0.98
3496,0.56
3497,0.85
3498,0.09
3499,1.0
3500,0.53
3501,0.93
3502,0.785
3503,0.99
3504,0.5
3505,0.4905
3506,0.07
3507,0.71
3508,0.75
3509,0.16
3510,0.73
3511,0.61
3512,0.08333333333333334
3513,0.96
3514,0.99
3515,0.2833333333333333
3516,0.37
3517,0.2
3518,0.73
3519,0.99
3520,0.62
3521,0.67
3522,0.36
3523,0.77
3524,0.3
3525,0.9
3526,0.96
3527,0.7408333333333335
3528,0.6566666666666666
3529,0.76
3530,0.42
3531,0.49
3532,0.04
3533,0.92
3534,0.18
3535,0.254
3536,0.44
3537,0.05
3538,0.7933333333333333
3539,0.08
3540,0.92
3541,0.02
3542,0.86
3543,0.74
3544,0.81
3545,0.01
3546,0.71
3547,0.475
3548,0.34
3549,0.35
3550,0.2
3551,1.0
3552,0.0925
3553,0.73
3554,0.63
3555,0.48
3556,0.08
3557,0.12
3558,0.42
3559,0.6
3560,0.6566666666666666
3561,0.81
3562,0.93
3563,0.52
3564,0.63
3565,0.89
3566,0.5758333333333334
3567,0.32
3568,0.05
3569,0.05
3570,1.0
3571,0.2
3572,0.02
3573,0.5
3574,0.1
3575,0.6866666666666665
3576,0.855
3577,0.91
3578,0.7
3579,0.43
3580,0.6
3581,0.73
3582,0.29
3583,0.035
3584,0.07
3585,0.08
3586,0.92
3587,0.5766666666666667
3588,0.36
3589,0.695
3590,0.44
3591,0.02
3592,0.91
3593,0.6533333333333334
3594,0.59
3595,0.54
3596,0.42
3597,0.61
3598,0.22
3599,0.86
3600,0.7
3601,0.62
3602,0.68
3603,0.08
3604,0.93
3605,0.37
3606,0.66
3607,0.24
3608,0.79
3609,0.99
3610,0.32
3611,0.6
3612,0.94
3613,0.56
3614,0.16
3615,0.42
3616,0.19
3617,0.28
3618,0.27
3619,0.18600000000000003
3620,1.0
3621,0.25
3622,0.92
3623,0.35
3624,0.0
3625,0.5
3626,0.295
3627,0.67
3628,0.98
3629,0.06
3630,0.85
3631,0.17
3632,0.89
3633,0.4733333333333333
3634,0.01
3635,0.07
3636,0.23
3637,0.24
3638,0.09
3639,0.93
3640,0.26
3641,0.25
3642,0.0
3643,0.84
3644,0.026666666666666665
3645,0.6813333333333332
3646,0.725
3647,0.32
3648,0.06
3649,0.25
3650,0.325
3651,0.94
3652,0.09
3653,0.62
3654,0.86
3655,0.29
3656,0.34
3657,0.14
3658,0.08
3659,0.86
3660,0.3666666666666667
3661,0.33
3662,0.6733333333333333
3663,0.4533333333333333
3664,0.24733333333333335
3665,0.12
3666,0.55
3667,0.49
3668,0.91
3669,1.0
3670,0.77
3671,0.3175
3672,0.585
3673,0.81
3674,0.99
3675,0.28
3676,0.22
3677,1.0
3678,0.05
3679,0.75
3680,0.15
3681,0.485
3682,0.6875
3683,0.32
3684,0.42
3685,0.415
3686,0.19599999999999998
3687,0.08
3688,0.4325
3689,0.3666666666666667
3690,0.5
3691,0.99
3692,0.54
3693,0.48
3694,0.11
3695,0.125
3696,0.69
3697,0.9
3698,0.45
3699,0.0
3700,0.12
3701,0.01
3702,0.56
3703,0.16
3704,0.8
3705,0.12
3706,0.21
3707,0.62
3708,0.03
3709,0.32
3710,0.89
3711,0.48
3712,0.37
3713,0.34
3714,0.44
3715,0.0
3716,0.275
3717,0.99
3718,0.16
3719,0.195
3720,0.02
3721,0.745
3722,0.195
3723,0.12
3724,0.54
3725,0.96
3726,0.98
3727,0.94
3728,0.91
3729,0.01
3730,0.04
3731,0.06
3732,1.0
3733,0.55
3734,0.11
3735,0.1
3736,0.5733333333333334
3737,0.89
3738,0.7066666666666667
3739,0.2783333333333333
3740,0.7
3741,0.67
3742,0.9
3743,0.49
3744,0.2833333333333334
3745,0.14416666666666667
3746,0.505
3747,0.07
3748,0.91
3749,0.4125
3750,0.496
3751,1.0
3752,1.0
3753,0.41
3754,0.33
3755,0.92
3756,0.72
3757,0.93
3758,0.09333333333333332
3759,1.0
3760,0.38
3761,0.99
3762,0.66
3763,0.64
3764,0.11
3765,0.48
3766,0.44
3767,0.44166666666666665
3768,0.29
3769,0.97
3770,0.53
3771,0.98
3772,0.74
3773,0.62
3774,0.96
3775,0.15
3776,0.12
3777,0.53
3778,0.07
3779,0.53
3780,0.7
3781,0.09
3782,0.315
3783,0.57
3784,0.5233333333333333
3785,0.99
3786,0.81
3787,0.2
3788,0.16666666666666663
3789,0.3
3790,0.65
3791,0.54
3792,0.52
3793,0.96
3794,0.97
3795,0.01
3796,1.0
3797,0.11
3798,0.715
3799,0.82
3800,0.14
3801,0.11
3802,0.6166666666666667
3803,0.99
3804,0.56
3805,0.04
3806,0.05
3807,0.06
3808,0.74
3809,0.7075
3810,0.09
3811,0.45
3812,0.4508333333333333
3813,0.56
3814,0.89
3815,0.065
3816,0.13
3817,0.03
3818,0.19
3819,0.82
3820,0.03
3821,0.7475
3822,0.71
3823,0.47
3824,0.43
3825,0.71
3826,0.05
3827,0.1
3828,0.82
3829,0.345
3830,0.78
3831,0.06583333333333333
3832,0.02
3833,0.87
3834,0.9
3835,0.715
3836,0.06
3837,0.93
3838,0.36
3839,1.0
3840,0.89
3841,0.96
3842,0.03
3843,0.36
3844,1.0
3845,0.78
3846,0.67
3847,0.2
3848,0.11
3849,0.33833333333333326
3850,0.21
3851,0.73
3852,0.08
3853,0.36
3854,0.5233333333333333
3855,0.08
3856,0.52
3857,0.11
3858,0.98
3859,0.31
3860,0.25
3861,0.5566666666666666
3862,0.15
3863,0.3475
3864,0.03
3865,0.61
3866,0.14
3867,0.53
3868,0.01
3869,0.56
3870,0.135
3871,0.7166666666666666
3872,0.03
3873,0.11
3874,0.27
3875,0.1
3876,0.07
3877,0.01
3878,0.59
3879,0.99
3880,0.87
3881,0.04
3882,0.23
3883,0.64
3884,0.38
3885,0.09
3886,0.35
3887,0.01
3888,0.1
3889,0.65
3890,0.74
3891,0.2
3892,0.69
3893,0.314
3894,0.91
3895,0.15
3896,0.4
3897,0.07
3898,0.21
3899,0.67
3900,0.06
3901,0.19
3902,0.47
3903,0.57
3904,0.09
3905,0.77
3906,0.40783333333333344
3907,0.88
3908,0.82
3909,0.085
3910,0.69
3911,0.1
3912,0.79
3913,0.46
3914,0.77
3915,0.0
3916,0.49
3917,0.04
3918,0.93
3919,0.56
3920,0.87
3921,0.6583333333333334
3922,0.805
3923,0.04
3924,0.29
3925,0.485
3926,0.04
3927,0.64
3928,0.34
3929,0.97
3930,0.97
3931,1.0
3932,0.93
3933,0.22
3934,0.97
3935,0.89
3936,0.9
3937,0.69
3938,0.03
3939,0.6666666666666667
3940,0.76
3941,0.8675
3942,0.0975
3943,0.7
3944,0.41
3945,0.98
3946,0.92
3947,0.8
3948,0.33
3949,0.45
3950,0.03
3951,0.5233333333333333
3952,0.16
3953,0.75
3954,0.61
3955,0.18
3956,0.564
3957,0.05
3958,0.84
3959,0.97
3960,0.11
3961,0.09
3962,0.51
3963,0.5173333333333333
3964,0.31
3965,0.31
3966,0.82
3967,0.26
3968,0.71
3969,0.34
3970,0.78
3971,0.95
3972,0.43
3973,0.98
3974,0.16
3975,0.05
3976,0.13
3977,0.97
3978,0.13
3979,0.5433333333333333
3980,0.28
3981,0.99
3982,0.01
3983,0.71
3984,0.89
3985,0.7433333333333334
3986,0.57
3987,0.01
3988,0.5736666666666668
3989,0.83
3990,0.1
3991,0.95
3992,0.63
3993,0.5
3994,0.255
3995,0.15
3996,0.42
3997,0.12
3998,0.13
3999,0.86
4000,0.95
4001,0.89
4002,0.89
4003,0.61
4004,0.6
4005,0.91
4006,0.51
4007,0.75
4008,0.5233333333333333
4009,0.43
4010,0.05
4011,0.61
4012,0.8691666666666668
4013,0.22833333333333333
4014,0.75
4015,0.91
4016,0.76
4017,0.81
4018,0.46
4019,0.99
4020,0.7
4021,0.2
4022,0.25
4023,0.7
4024,0.44
4025,0.61
4026,0.5816666666666667
4027,0.08
4028,0.47
4029,0.37
4030,0.335
4031,0.02
4032,0.88
4033,0.12
4034,0.99
4035,0.65
4036,0.1
4037,0.76
4038,0.01
4039,0.5775
4040,0.53
4041,1.0
4042,0.99
4043,0.77
4044,0.3233333333333333
4045,0.56
4046,0.7
4047,0.03
4048,0.99
4049,0.4733333333333333
4050,0.3
4051,0.7
4052,0.33
4053,0.61
4054,0.93
4055,0.18
4056,0.03
4057,0.015
4058,0.73
4059,0.6
4060,0.81
4061,0.03
4062,0.735
4063,0.12
4064,0.42
4065,0.7308333333333333
4066,0.76
4067,0.34
4068,0.89
4069,0.5
4070,0.11
4071,1.0
4072,0.2
4073,0.82
4074,0.02
4075,0.24
4076,0.12
4077,0.97
4078,0.54
4079,0.07
4080,0.72
4081,0.92
4082,0.595
4083,0.3766666666666667
4084,0.358
4085,0.95
4086,0.26
4087,0.32
4088,0.4
4089,0.2853333333333333
4090,0.12
4091,0.45
4092,0.41
4093,0.26283333333333336
4094,0.22
4095,0.25
4096,0.33
4097,0.36
4098,0.51
4099,0.18
4100,0.02
4101,0.75
4102,0.74
4103,0.28
4104,0.15
4105,0.675
4106,0.2825
4107,0.83
4108,0.42
4109,0.4
4110,0.07
4111,0.16
4112,0.18899999999999997
4113,0.05
4114,0.11
4115,0.154
4116,0.1991666666666667
4117,0.72
4118,0.36
4119,0.05
4120,0.99
4121,0.92
4122,0.92
4123,0.83
4124,0.02
4125,0.3
4126,0.3533333333333333
4127,0.27
4128,0.05
4129,0.83
4130,0.01
4131,0.0
4132,0.1
4133,0.11
4134,0.74
4135,0.54
4136,0.99
4137,0.99
4138,0.85
4139,0.93
4140,0.1
4141,0.17
4142,0.99
4143,0.77
4144,0.65
4145,0.9
4146,0.4
4147,0.1
4148,0.1
4149,1.0
4150,0.11449999999999999
4151,0.36
4152,1.0
4153,0.16
4154,0.99
4155,0.07
4156,0.79
4157,0.31
4158,0.04
4159,0.3266666666666667
4160,0.59
4161,0.96
4162,0.99
4163,0.29
4164,0.9
4165,0.155
4166,0.1775
4167,0.4866666666666667
4168,1.0
4169,0.98
4170,0.41
4171,0.75
4172,0.14
4173,0.67
4174,0.77
4175,0.72
4176,1.0
4177,0.86
4178,0.01
4179,0.51
4180,0.98
4181,0.01
4182,0.02
4183,0.49
4184,0.77
4185,0.05
4186,0.24
4187,0.456
4188,0.44
4189,0.65
4190,0.58
4191,0.73
4192,0.97
4193,0.13
4194,0.72
4195,0.52
4196,0.09
4197,0.6166666666666667
4198,0.7
4199,0.49666666666666665
4200,0.585
4201,0.81
4202,0.67
4203,0.4775
4204,0.74
4205,0.7
4206,0.512
4207,0.35
4208,0.47
4209,0.345
4210,0.6566666666666666
4211,0.5005
4212,0.605
4213,0.68
4214,0.06
4215,0.66
4216,0.61
4217,0.13
4218,0.96
4219,0.03
4220,0.05
4221,0.8725
4222,0.01
4223,0.34333333333333327
4224,0.34
4225,0.8
4226,0.73
4227,0.39
4228,0.46
4229,1.0
4230,0.6685714285714286
4231,0.55
4232,0.92
4233,0.41
4234,0.5741666666666666
4235,0.315
4236,0.1
4237,0.21
4238,0.43333333333333335
4239,0.67
4240,0.98
4241,0.76
4242,1.0
4243,0.09
4244,1.0
4245,0.93
4246,0.04
4247,0.445
4248,0.03666666666666667
4249,0.305
4250,0.765
4251,0.71
4252,0.0
4253,0.04
4254,0.5333333333333333
4255,0.96
4256,1.0
4257,0.4
4258,0.27
4259,0.38
4260,0.325
4261,0.74
4262,0.45
4263,0.3
4264,0.48
4265,0.3
4266,0.68
4267,0.06
4268,0.35
4269,0.34
4270,0.97
4271,0.0
4272,0.18
4273,0.32
4274,0.57
4275,0.57
4276,0.62
4277,0.16
4278,0.72
4279,0.78
4280,0.41
4281,0.34
4282,0.625
4283,0.86
4284,0.49
4285,0.06
4286,0.16
4287,0.02
4288,0.03
4289,0.46
4290,0.01
4291,0.84
4292,0.81
4293,0.97
4294,0.24333333333333332
4295,0.40833333333333327
4296,0.48
4297,0.22
4298,0.07
4299,0.08
4300,0.075
4301,0.03
4302,0.01
4303,0.02
4304,0.4925
4305,0.54
4306,0.04
4307,0.06
4308,0.9
4309,0.99
4310,0.9
4311,0.4885952380952382
4312,0.14
4313,1.0
4314,0.99
4315,0.504
4316,0.02
4317,0.52
4318,0.25
4319,0.78
4320,0.7233333333333333
4321,0.96
4322,0.83
4323,0.58
4324,0.79
4325,0.33399999999999996
4326,0.4266666666666667
4327,0.67
4328,0.81
4329,0.76
4330,0.7725
4331,0.76
4332,0.08800000000000001
4333,0.02
4334,0.39
4335,0.09
4336,0.52
4337,0.5825
4338,0.01
4339,0.5833333333333334
4340,0.91
4341,0.05
4342,0.6366666666666666
4343,0.7375
4344,0.385
4345,0.54
4346,0.69
4347,0.91
4348,0.684
4349,0.475
4350,0.3
4351,0.21
4352,0.45333333333333337
4353,0.4916666666666667
4354,0.57
4355,0.21
4356,0.83
4357,0.77
4358,0.17
4359,0.02
4360,1.0
4361,0.63
4362,0.66
4363,0.92
4364,0.31
4365,0.42
4366,0.17
4367,0.6133333333333334
4368,0.9
4369,0.97
4370,0.93
4371,0.48
4372,0.58
4373,0.58
4374,0.03
4375,0.06
4376,0.56
4377,0.31066666666666665
4378,0.285
4379,0.02
4380,0.91
4381,0.2
4382,0.655
4383,0.87
4384,0.65
4385,0.47
4386,0.67
4387,0.32
4388,0.07
4389,0.0
4390,0.6975
4391,0.79
4392,1.0
4393,0.79
4394,0.9
4395,0.135
4396,0.17
4397,0.02
4398,0.34
4399,0.07
4400,0.03
4401,0.35
4402,0.95
4403,0.81
4404,0.21
4405,0.33
4406,0.33
4407,0.92
4408,0.40399999999999997
4409,0.53
4410,0.33833333333333326
4411,0.59
4412,0.4
4413,0.21
4414,0.09
4415,0.99
4416,0.23
4417,0.35166666666666674
4418,0.018333333333333333
4419,0.26
4420,0.36
4421,0.0
4422,0.54
4423,0.73
4424,0.67
4425,0.04
4426,0.44
4427,0.015
4428,0.24
4429,0.89
4430,0.7
4431,0.06
4432,0.77
4433,0.36
4434,0.0
4435,0.395
4436,0.71
4437,0.1
4438,0.26666666666666666
4439,0.9
4440,0.0
4441,0.03333333333333333
4442,0.685
4443,0.53
4444,0.73
4445,0.01
4446,0.57
4447,0.5983333333333334
4448,0.62
4449,1.0
4450,0.33
4451,0.83
4452,0.06
4453,0.53
4454,0.04
4455,0.16
4456,0.79
4457,0.1625
4458,0.15
4459,0.86
4460,0.66
4461,0.086
4462,0.2
4463,0.99
4464,0.3669047619047619
4465,0.01
4466,1.0
4467,0.52
4468,0.66
4469,0.49
4470,0.16
4471,0.88
4472,0.47
4473,0.095
4474,0.92
4475,0.7
4476,0.31
4477,0.61
4478,0.6225
4479,0.05
4480,0.98
4481,0.11800000000000001
4482,0.82
4483,0.4
4484,0.6
4485,0.17
4486,0.83
4487,0.1175
4488,0.8
4489,0.97
4490,0.615
4491,0.04
4492,0.47
4493,0.46
4494,0.38333333333333336
4495,0.33
4496,0.65
4497,0.88
4498,1.0
4499,0.21333333333333332
4500,0.11
4501,0.05
4502,0.09
4503,0.73
4504,0.89
4505,0.84
4506,0.0
4507,0.69
4508,0.56
4509,0.136
4510,0.43
4511,0.03
4512,0.96
4513,0.81
4514,0.16
4515,0.94
4516,0.67
4517,0.95
4518,0.43
4519,0.5
4520,0.56
4521,0.5183333333333333
4522,0.06
4523,0.18
4524,0.25
4525,0.515
4526,0.98
4527,0.47
4528,0.7766666666666666
4529,0.42
4530,0.18
4531,0.215
4532,0.73
4533,0.26
4534,0.53
4535,0.87
4536,0.4433333333333333
4537,0.5233333333333333
4538,0.39
4539,0.03
4540,0.99
4541,0.15
4542,0.23
4543,0.84
4544,0.21
4545,0.12
4546,0.98
4547,1.0
4548,0.8
4549,0.71
4550,0.66
4551,0.13
4552,0.555
4553,0.95
4554,0.89
4555,0.34
4556,0.03
4557,0.76
4558,0.15
4559,0.69
4560,0.94
4561,0.02
4562,0.33
4563,0.98
4564,0.98
4565,0.72
4566,0.03
4567,0.1
4568,0.64
4569,0.78
4570,0.85
4571,0.55
4572,0.23
4573,0.98
4574,0.08
4575,0.98
4576,0.12
4577,0.38
4578,0.57
4579,1.0
4580,0.99
4581,0.9
4582,0.47
4583,0.645
4584,0.645
4585,0.31
4586,0.24
4587,0.16
4588,0.5691666666666667
4589,0.46
4590,0.615
4591,0.72
4592,0.05
4593,0.8175
4594,0.01
4595,0.02
4596,0.635
4597,0.085
4598,0.75
4599,0.38
4600,0.88
4601,0.6
4602,0.08
4603,0.99
4604,0.95
4605,0.54
4606,0.5
4607,0.86
4608,0.455
4609,0.67
4610,0.57
4611,0.56
4612,0.95
4613,0.2858333333333334
4614,0.575
4615,0.56
4616,0.94
4617,0.66
4618,0.36
4619,0.17
4620,0.06
4621,0.6083333333333333
4622,0.595
4623,0.08
4624,0.99
4625,0.5
4626,0.6
4627,0.02
4628,0.08
4629,0.12
4630,0.54
4631,0.49
4632,0.18
4633,0.77
4634,0.545
4635,0.72
4636,0.02
4637,0.78
4638,0.82
4639,0.2
4640,0.99
4641,0.3
4642,0.14
4643,0.97
4644,0.9
4645,0.64
4646,0.52
4647,0.03
4648,0.75
4649,0.49
4650,0.05
4651,0.05
4652,0.09
4653,0.85
4654,1.0
4655,0.22
4656,0.95
4657,0.65
4658,0.0
4659,0.97
4660,0.08
4661,0.89
4662,0.48
4663,0.69
4664,0.61
4665,0.91
4666,0.07
4667,0.03
4668,0.53
4669,0.65
4670,0.88
4671,0.56
4672,0.94
4673,0.0
4674,0.53
4675,0.5291666666666667
4676,0.98
4677,0.41
4678,0.18
4679,0.7
4680,0.15333333333333335
4681,0.04
4682,0.29
4683,0.835
4684,0.73
4685,0.235
4686,0.6866666666666668
4687,0.076
4688,0.0
4689,0.04
4690,0.04
4691,0.96
4692,0.03
4693,0.88
4694,0.84
4695,0.84
4696,0.3
4697,0.55
4698,0.57
4699,0.5
4700,1.0
4701,0.96
4702,0.09
4703,0.26
4704,0.16666666666666663
4705,0.23
4706,0.6233333333333333
4707,0.41
4708,0.765
4709,0.34
4710,0.26666666666666666
4711,0.06
4712,0.44
4713,0.76
4714,0.21666666666666667
4715,0.99
4716,0.71
4717,0.99
4718,0.25
4719,0.6125
4720,0.2
4721,0.99
4722,0.16333333333333333
4723,0.92
4724,0.97
4725,0.05
4726,0.71
4727,0.77
4728,0.28
4729,0.78
4730,0.09
4731,0.79
4732,0.37
4733,0.03
4734,0.23
4735,0.18
4736,0.5
4737,0.85
4738,0.87
4739,0.32
4740,0.9
4741,0.8
4742,0.24
4743,0.705
4744,0.01
4745,1.0
4746,0.74
4747,0.07
4748,0.27
4749,0.31
4750,0.99
4751,0.42
4752,0.05
4753,0.22
4754,0.83
4755,0.05
4756,0.01
4757,0.11
4758,0.38
4759,0.19
4760,0.65
4761,0.6433333333333333
4762,0.8
4763,0.6133333333333333
4764,0.56
4765,0.18
4766,0.75
4767,0.02
4768,0.69
4769,0.07
4770,0.1
4771,0.78
4772,0.0
4773,0.87
4774,0.85
4775,0.46
4776,0.07
4777,0.425
4778,0.22
4779,0.64
4780,0.355
4781,0.88
4782,0.88
4783,0.82
4784,0.38
4785,0.375
4786,0.13
4787,0.29
4788,1.0
4789,0.73
4790,0.12
4791,0.91
4792,0.05
4793,0.41
4794,0.17
4795,0.89
4796,0.21
4797,0.3633333333333333
4798,0.75
4799,0.89
4800,0.02
4801,0.33833333333333326
4802,0.77
4803,0.3
4804,0.47
4805,0.18
4806,0.8
4807,0.66
4808,0.47
4809,0.66
4810,0.155
4811,0.32
4812,0.63
4813,0.835
4814,0.55
4815,0.7
4816,0.9
4817,0.52
4818,0.75
4819,0.84
4820,0.62
4821,0.91
4822,0.2
4823,0.81
4824,0.26
4825,0.9
4826,0.36
4827,0.42
4828,0.67
4829,0.0
4830,1.0
4831,0.1
4832,0.52
4833,0.51
4834,0.56
4835,0.74
4836,0.1733333333333333
4837,0.2866666666666667
4838,0.5
4839,0.23
4840,0.94
4841,0.4366666666666667
4842,0.49
4843,0.62
4844,0.75
4845,0.17
4846,0.91
4847,0.4
4848,0.61
4849,0.65
4850,0.7775
4851,0.695
4852,0.03
4853,0.46
4854,0.84
4855,0.3216666666666667
4856,1.0
4857,0.02
4858,0.03
4859,0.4081666666666666
4860,0.5975
4861,0.74
4862,0.0
4863,0.44
4864,0.08
4865,0.69
4866,0.5
4867,0.5
4868,0.14
4869,0.13
4870,0.42
4871,0.2583333333333333
4872,0.71
4873,0.6433333333333333
4874,0.71
4875,0.91
4876,0.56
4877,0.6586666666666667
4878,0.54
4879,0.26
4880,0.41
4881,0.04
4882,0.68
4883,0.4233333333333333
4884,0.5
4885,0.78
4886,0.88
4887,0.81
4888,0.58
4889,0.9
4890,0.7509999999999999
4891,0.55
4892,0.4
4893,0.7666666666666666
4894,0.65
4895,0.91
4896,0.4
4897,0.485
4898,0.01
4899,0.85
4900,0.12
4901,0.89
4902,0.02
4903,0.0
4904,0.44
4905,0.83
4906,0.48
4907,0.69
4908,0.34
4909,0.64
4910,0.2
4911,0.8340000000000001
4912,0.21
4913,0.09
4914,0.68
4915,0.26
4916,0.07
4917,0.16
4918,0.73
4919,0.1
4920,0.395
4921,0.16
4922,0.4798333333333333
4923,0.0
4924,0.64
4925,0.92
4926,0.5083333333333333
4927,0.541
4928,0.055
4929,0.49
4930,0.48416666666666663
4931,0.66
4932,0.09
4933,0.06
4934,0.36
4935,0.26
4936,0.43
4937,0.8
4938,0.43
4939,0.89
4940,1.0
4941,0.07
4942,0.03
4943,0.03
4944,0.92
4945,0.45
4946,0.79
4947,0.34
4948,0.29
4949,0.12
4950,0.93
4951,0.73
4952,0.92
4953,0.92
4954,0.07
4955,0.06
4956,0.9
4957,0.93
4958,0.78
4959,0.06666666666666667
4960,0.84
4961,0.01
4962,0.99
4963,0.05
4964,0.02
4965,0.92
4966,0.89
4967,0.16
4968,0.95
4969,0.26
4970,0.01
4971,0.74
4972,0.2442857142857143
4973,0.0
4974,0.13833333333333334
4975,0.1
4976,0.65
4977,0.7391666666666665
4978,0.13
4979,0.55
4980,0.2
4981,0.68
4982,0.69
4983,0.4125
4984,0.99
4985,0.7133333333333334
4986,0.835
4987,0.3
4988,0.1
4989,0.226
4990,0.81
4991,0.89
4992,0.4125
4993,0.7333333333333333
4994,0.3325
4995,0.89
4996,0.15
4997,0.4
4998,0.96
4999,0.51
5000,0.21
5001,0.04
5002,0.66
5003,0.26
5004,0.24
5005,0.32
5006,0.5733333333333333
5007,0.25
5008,0.1
5009,0.31
5010,0.95
5011,0.04
5012,0.21
5013,0.87
5014,0.73
5015,0.7066666666666666
5016,0.97
5017,0.78
5018,0.11
5019,0.72
5020,0.34
5021,0.03
5022,0.58
5023,0.405
5024,0.75
5025,0.32933333333333337
5026,0.5
5027,0.78
5028,0.78
5029,0.28
5030,0.9133333333333333
5031,0.6
5032,0.565
5033,0.37
5034,0.33
5035,0.3931666666666666
5036,0.58
5037,0.66
5038,0.61
5039,0.71
5040,0.4925
5041,0.95
5042,0.4425
5043,0.77
5044,0.08
5045,0.9
5046,0.56
5047,0.23
5048,0.39
5049,0.2
5050,0.69
5051,0.39
5052,0.15
5053,0.34450000000000003
5054,0.01
5055,0.77
5056,0.31
5057,0.02
5058,0.215
5059,0.0
5060,0.3808333333333333
5061,0.03
5062,0.595
5063,0.9
5064,0.7733333333333334
5065,0.05
5066,0.81
5067,0.98
5068,0.67
5069,0.635
5070,0.05
5071,0.96
5072,0.09
5073,0.21666666666666665
5074,0.66
5075,0.7725
5076,0.68
5077,0.3
5078,0.72
5079,0.97
5080,0.65
5081,0.61
5082,0.08333333333333334
5083,1.0
5084,0.05
5085,0.75
5086,0.1
5087,0.92
5088,0.145
5089,0.75
5090,0.04
5091,0.32
5092,0.26
5093,0.53
5094,0.4
5095,0.0
5096,0.09
5097,0.775
5098,0.98
5099,0.4833333333333333
5100,0.0
5101,0.585
5102,0.08
5103,0.17
5104,0.65
5105,0.17
5106,0.0
5107,0.54
5108,0.385
5109,0.95
5110,0.85
5111,0.43
5112,0.365
5113,0.2725
5114,0.02
5115,0.31
5116,0.02
5117,0.36
5118,0.31
5119,0.0
5120,0.03
5121,0.64
5122,0.03
5123,0.65
5124,0.71
5125,0.57
5126,0.02
5127,0.56
5128,0.57
5129,0.93
5130,0.59
5131,0.89
5132,0.95
5133,0.39
5134,0.48
5135,0.77
5136,0.33
5137,0.17
5138,0.29
5139,0.16
5140,0.07
5141,0.58
5142,0.97
5143,0.46
5144,0.2
5145,0.48
5146,0.98
5147,0.195
5148,0.25
5149,0.99
5150,0.93
5151,0.91
5152,0.16
5153,0.06
5154,0.07
5155,0.58
5156,0.1
5157,0.88
5158,0.11
5159,0.5633333333333334
5160,0.07
5161,0.41
5162,0.59
5163,0.68
5164,0.04
5165,0.49333333333333335
5166,0.47
5167,0.8033333333333332
5168,0.1
5169,0.3225
5170,0.36
5171,0.7499999999999999
5172,0.06
5173,0.18
5174,0.78
5175,0.8
5176,0.03
5177,0.45
5178,0.5771428571428572
5179,0.23
5180,1.0
5181,0.7
5182,0.48
5183,0.39
5184,0.28800000000000003
5185,0.3866666666666667
5186,0.01
5187,0.475
5188,0.19
5189,0.03
5190,0.45
5191,0.25
5192,0.1675
5193,0.8291666666666667
5194,0.09
5195,0.5333333333333333
5196,0.35
5197,0.63
5198,0.14
5199,0.22399999999999998
5200,0.83
5201,0.6458333333333333
5202,0.507
5203,0.505
5204,0.52
5205,0.7005
5206,0.5266666666666666
5207,0.48566666666666664
5208,1.0
5209,0.0
5210,0.82
5211,0.87
5212,0.345
5213,0.66
5214,0.27
5215,0.21
5216,0.345
5217,0.16
5218,0.355
5219,1.0
5220,0.77
5221,0.9466666666666668
5222,0.16
5223,0.58
5224,0.43666666666666665
5225,0.4925
5226,0.86
5227,0.04
5228,0.165
5229,0.38
5230,0.03
5231,0.99
5232,0.18
5233,0.5733333333333333
5234,0.23
5235,0.47
5236,0.47
5237,0.02
5238,0.9
5239,0.62
5240,0.8
5241,0.07
5242,0.13
5243,0.53
5244,0.6166666666666667
5245,0.01
5246,0.45
5247,0.06
5248,0.98
5249,0.465
5250,0.93
5251,0.7
5252,0.92
5253,0.36
5254,0.3
5255,0.8
5256,0.5333333333333333
5257,0.6883333333333332
5258,0.9
5259,1.0
5260,0.01
5261,0.3525
5262,0.32
5263,1.0
5264,0.16
5265,0.27166666666666667
5266,0.1
5267,0.05
5268,0.12
5269,0.66
5270,0.08
5271,0.67
5272,0.23
5273,0.87
5274,0.29
5275,0.93
5276,0.05
5277,0.7366666666666666
5278,0.5166666666666666
5279,0.03
5280,0.68
5281,0.91
5282,0.06
5283,0.04
5284,0.62
5285,0.02
5286,0.13
5287,0.2175
5288,0.91
5289,0.82
5290,0.58
5291,0.08666666666666666
5292,0.55
5293,0.2
5294,0.45
5295,0.24
5296,0.11
5297,0.34
5298,0.19
5299,0.73
5300,0.95
5301,0.1
5302,0.452
5303,0.08
5304,0.08199999999999999
5305,0.62
5306,0.47
5307,0.225
5308,0.16
5309,0.98
5310,0.08
5311,0.12
5312,0.11
5313,0.06
5314,0.02
5315,0.54
5316,0.83
5317,0.83
5318,0.91
5319,0.0
5320,0.335
5321,0.7683333333333333
5322,0.65
5323,0.95
5324,0.67
5325,0.67
5326,0.86
5327,0.68
5328,0.05333333333333333
5329,0.99
5330,0.6408333333333333
5331,0.43
5332,0.15
5333,0.72
5334,0.24
5335,0.8891666666666665
5336,0.59
5337,0.65
5338,0.0
5339,0.93
5340,0.91
5341,0.76
5342,0.65
5343,0.48
5344,0.99
5345,0.13
5346,0.67
5347,0.37
5348,0.33666666666666667
5349,0.34
5350,1.0
5351,0.2583333333333333
5352,0.79
5353,0.21
5354,1.0
5355,0.4
5356,0.625
5357,0.4
5358,0.0
5359,1.0
5360,0.599
5361,0.39
5362,0.93
5363,0.685
5364,0.8625
5365,0.07
5366,0.59
5367,0.57
5368,0.40700000000000003
5369,0.81
5370,0.02
5371,0.39
5372,0.97
5373,0.5133333333333333
5374,0.2525
5375,0.2
5376,0.765
5377,0.8
5378,0.46
5379,0.13
5380,0.99
5381,0.775
5382,0.14
5383,0.53
5384,0.5133333333333333
5385,0.82
5386,0.06
5387,0.07
5388,0.16166666666666665
5389,0.17
5390,0.8
5391,0.81
5392,0.51
5393,0.6
5394,0.94
5395,0.53
5396,0.12
5397,0.644
5398,0.66
5399,0.36
5400,0.66
5401,0.27
5402,0.1
5403,0.97
5404,0.67
5405,0.26
5406,0.66
5407,0.575
5408,0.91
5409,0.16
5410,0.33
5411,0.77
5412,0.48166666666666663
5413,0.45
5414,0.39
5415,0.99
5416,0.69
5417,0.12
5418,0.09
5419,0.06
5420,0.97
5421,0.26
5422,0.76
5423,0.17
5424,0.29
5425,0.82
5426,0.40833333333333327
5427,0.0
5428,0.49200000000000005
5429,0.24
5430,0.1
5431,0.09
5432,0.82
5433,0.43
5434,0.68
5435,0.38
5436,0.72
5437,0.99
5438,0.84
5439,0.26
5440,0.91
5441,0.17
5442,0.05
5443,0.02
5444,0.53
5445,0.2
5446,0.99
5447,0.74
5448,0.53
5449,0.457
5450,0.6533333333333333
5451,0.72
5452,0.4033333333333334
5453,0.24
5454,0.11
5455,0.54
5456,0.95
5457,0.6033333333333333
5458,0.9
5459,0.34
5460,0.7475
5461,0.95
5462,0.88
5463,0.97
5464,0.69
5465,0.6616666666666666
5466,0.95
5467,0.99
5468,0.01
5469,0.27
5470,0.49
5471,0.41666666666666674
5472,0.03
5473,0.84
5474,0.96
5475,1.0
5476,0.79
5477,1.0
5478,0.54
5479,0.36
5480,0.06
5481,0.52
5482,0.3125
5483,0.45
5484,0.13
5485,0.8
5486,0.35
5487,0.17
5488,0.18
5489,0.29
5490,0.17
5491,0.97
5492,0.84
5493,0.72
5494,0.96
5495,0.26
5496,0.0
5497,0.25
5498,0.8
5499,0.39
5500,0.56
5501,0.64
5502,0.41
5503,0.39
5504,0.19
5505,0.755
5506,0.06
5507,0.28
5508,0.65
5509,1.0
5510,0.7
5511,0.53
5512,0.465
5513,0.11
5514,0.64
5515,0.2
5516,0.98
5517,0.42
5518,0.64
5519,0.88
5520,1.0
5521,0.36
5522,0.35
5523,0.56
5524,0.73
5525,0.83
5526,0.96
5527,0.9366666666666668
5528,0.04
5529,0.57
5530,0.92
5531,0.2475
5532,1.0
5533,0.01
5534,0.93
5535,0.4766666666666666
5536,0.3
5537,0.7333333333333333
5538,0.3
5539,0.13
5540,0.07
5541,0.5
5542,0.35
5543,0.27
5544,0.33
5545,0.8125
5546,0.5566666666666666
5547,0.5625
5548,0.9
5549,0.6016666666666667
5550,0.87
5551,0.32
5552,0.1
5553,0.455
5554,0.37
5555,0.01
5556,0.84
5557,0.97
5558,0.08666666666666666
5559,0.99
5560,0.22
5561,0.7375
5562,0.45
5563,0.01
5564,0.12
5565,0.09
5566,0.52
5567,0.686595238095238
5568,0.3
5569,0.43
5570,0.61
5571,0.625
5572,0.42
5573,0.29666666666666663
5574,0.34
5575,0.35
5576,0.69
5577,0.02
5578,1.0
5579,0.31
5580,0.28
5581,0.04
5582,0.53
5583,0.53
5584,0.99
5585,0.08
5586,0.25
5587,0.25666666666666665
5588,0.98
5589,0.99
5590,0.29
5591,0.97
5592,0.27
5593,0.95
5594,0.09
5595,0.67
5596,0.38
5597,0.86
5598,0.42
5599,0.15
5600,1.0
5601,0.5733333333333333
5602,0.73
5603,0.46
5604,0.5
5605,0.0
5606,0.2766666666666666
5607,0.0
5608,0.266
5609,0.44
5610,0.99
5611,1.0
5612,0.6366666666666666
5613,0.49
5614,0.9
5615,0.62
5616,0.86
5617,0.16833333333333333
5618,0.295
5619,0.44
5620,0.18
5621,0.48
5622,0.08
5623,0.04
5624,0.92
5625,0.62
5626,0.35333333333333333
5627,0.62
5628,0.325
5629,0.71
5630,0.09
5631,0.2
5632,0.61
5633,0.43666666666666665
5634,0.195
5635,0.35
5636,0.8533333333333333
5637,0.86
5638,0.3
5639,0.51
5640,0.54
5641,0.26
5642,0.15
5643,0.5233333333333333
5644,0.88
5645,0.4425
5646,0.76
5647,0.02
5648,0.6466666666666666
5649,0.4133333333333333
5650,0.595
5651,0.405
5652,0.3666666666666667
5653,0.8433333333333333
5654,0.58
5655,0.98
5656,0.09
5657,0.2725
5658,0.235
5659,0.27
5660,0.43
5661,0.92
5662,0.22
5663,0.88
5664,0.83
5665,0.01
5666,0.21
5667,0.21
5668,0.17
5669,0.085
5670,0.5
5671,0.16
5672,0.32
5673,0.85
5674,0.23166666666666663
5675,0.08
5676,0.62
5677,0.82
5678,0.3
5679,0.14
5680,0.7216666666666666
5681,0.16
5682,0.97
5683,0.445
5684,0.6
5685,0.08
5686,0.22
5687,0.65
5688,0.4175
5689,0.96
5690,0.6
5691,0.06
5692,0.98
5693,0.39
5694,0.46
5695,0.66
5696,0.05
5697,0.24
5698,0.66
5699,0.20900000000000002
5700,0.87
5701,0.42
5702,0.54
5703,0.26
5704,0.4733333333333333
5705,0.2733333333333333
5706,0.48566666666666664
5707,0.85
5708,0.7
5709,0.20733333333333331
5710,0.06
5711,0.88
5712,0.635
5713,0.0
5714,0.18
5715,0.55
5716,0.0725
5717,0.115
5718,0.1125
5719,0.82
5720,0.34
5721,0.17
5722,0.42
5723,0.95
5724,0.01
5725,0.31166666666666665
5726,0.6
5727,0.07
5728,0.4328333333333333
5729,0.16
5730,0.01
5731,0.56
5732,0.12
5733,0.71
5734,0.23
5735,0.03
5736,0.96
5737,0.05
5738,0.92
5739,0.79
5740,0.2205
5741,0.0
5742,0.025
5743,0.55
5744,0.21
5745,1.0
5746,0.02
5747,0.46
5748,0.88
5749,0.2996666666666667
5750,0.21
5751,0.7416666666666667
5752,0.57
5753,0.4
5754,0.08
5755,0.95
5756,0.05
5757,1.0
5758,0.51
5759,0.21600000000000003
5760,0.03
5761,0.4366666666666667
5762,0.07
5763,1.0
5764,0.55
5765,0.5
5766,0.99
5767,0.73
5768,0.5833333333333334
5769,0.81
5770,0.93
5771,0.105
5772,0.37
5773,0.39
5774,0.58
5775,0.6033333333333333
5776,0.24
5777,0.32
5778,0.09
5779,0.63
5780,0.42
5781,0.08
5782,0.86
5783,0.475
5784,0.7275
5785,0.4058333333333334
5786,0.23
5787,0.4
5788,0.21
5789,0.37
5790,0.83
5791,0.02
5792,0.6333333333333333
5793,0.04
5794,0.36
5795,1.0
5796,0.17
5797,0.59
5798,0.93
5799,0.41
5800,0.99
5801,0.79
5802,0.05
5803,0.03
5804,0.59
5805,0.99
5806,0.98
5807,0.93
5808,0.48
5809,0.47
5810,0.555
5811,0.66
5812,0.61
5813,0.21
5814,0.0
5815,0.5498333333333334
5816,0.42
5817,0.97
5818,0.21666666666666665
5819,0.15
5820,0.99
5821,0.84
5822,0.29
5823,0.01
5824,0.47
5825,0.99
5826,0.67
5827,0.6706666666666666
5828,1.0
5829,0.6
5830,0.22
5831,0.42
5832,1.0
5833,0.18
5834,0.68
5835,0.87
5836,0.39
5837,0.83
5838,0.36
5839,1.0
5840,0.84
5841,0.02
5842,0.89
5843,0.82
5844,0.94
5845,0.1
5846,0.37
5847,0.22166666666666668
5848,0.89
5849,1.0
5850,0.0
5851,0.95
5852,0.14583333333333334
5853,0.7225
5854,0.38
5855,0.34
5856,0.355
5857,0.42
5858,0.33
5859,0.27
5860,0.04
5861,0.04
5862,0.725
5863,0.09
5864,0.04
5865,0.1
5866,0.75
5867,0.34
5868,0.0
5869,0.19
5870,0.41
5871,0.635
5872,0.22
5873,0.97
5874,0.21
5875,0.92
5876,0.02
5877,0.8
5878,0.83
5879,0.30333333333333334
5880,0.4885952380952382
5881,0.18
5882,0.8133333333333332
5883,0.99
5884,0.04333333333333333
5885,0.85
5886,0.365
5887,0.56
5888,0.20666666666666664
5889,0.6433333333333334
5890,0.2
5891,0.71
5892,0.87
5893,0.03
5894,0.3423333333333333
5895,0.92
5896,1.0
5897,0.0
5898,0.0
5899,0.41
5900,0.54
5901,0.85
5902,0.79
5903,0.97
5904,0.68
5905,0.31
5906,0.88
5907,0.44
5908,0.27
5909,0.64
5910,0.48
5911,0.42
5912,0.01
5913,0.53
5914,0.65
5915,0.08
5916,0.37
5917,0.98
5918,0.10583333333333333
5919,0.97
5920,0.75
5921,0.35
5922,0.82
5923,0.265
5924,0.98
5925,0.1
5926,0.95
5927,0.14
5928,0.08
5929,0.84
5930,0.08
5931,0.77
5932,0.04
5933,0.39
5934,0.48
5935,0.2225
5936,0.85
5937,0.97
5938,0.91
5939,0.51
5940,1.0
5941,0.04
5942,0.67
5943,0.98
5944,0.84
5945,0.16
5946,0.76
5947,0.44
5948,0.53
5949,0.45
5950,0.38
5951,0.4216666666666667
5952,0.595
